Index,Category_x,Name,Year,Month_only,Month-Year,Sustainedwind speeds,Deaths, Actual Dollars ,Category_y,DateImpact,Landfall,Updated
14,3,Unnamed,1852,September,"September,1852",115,,,3,26-Aug,Alabama,3
40,3,Unnamed,1856,September,"September,1856",125,,,1,31-Aug,Alabama,3
70,3,Unnamed,1859,October,"October,1859",115,,,1,16-Sep,Alabama,3
75,3,Unnamed,1860,September,"September,1860",115,84,,2,12-Aug,Alabama,3
76,3,Unnamed,1860,September,"September,1860",115,84,,1,16-Sep,Alabama,3
159,3,Unnamed,1870,July,"July,1870",120,10,,1,30-Jul,Alabama,3
334,3,Unnamed,1882,August,"August,1882",125,175,,1,10-Sep,Alabama,3
337,3,Unnamed,1882,September,"September,1882",125,,,1,10-Sep,Alabama,3
611,4,Unnamed,1926,,",1926",,,,3,21-Aug,Alabama,4
648,4,Unnamed,1932,,",1932",,,,1,1-Sep,Alabama,4
856,5,Camille,1969,August,"August,1969",175,259,,1,18-Aug,Alabama,5
918,4,Frederic,1979,September,"September,1979",,,,4,13-Sep,Alabama,4
972,4,Opal,1995,October,"October,1995",,27,"$8,674,700,000.00 ",1,4-Oct,Alabama,4
982,1,Danny,1997,July,"July,1997",80,9,"$100,000,000.00 ",1,19-Jul,Alabama,1
1012,5,Ivan,2004,September,"September,2004",165,57,"$30,545,800,000.00 ",3,16-Sep,Alabama,3
1020,5,Katrina,2005,August,"August,2005",175,1833,"$180,042,400,000.00 ",1,29-Aug,Alabama,5
1029,4,Dennis,2005,July,"July,2005",,15,"$3,617,800,000.00 ",1,10-Jul,Alabama,4
1088,5,Michael,2018,October,"October,2018",160,49,"$27,972,000,000.00 ",1,10-Oct,Alabama,5
1116,,Unnamed,1893,,,,,,2,3-Oct,Alabama,2
1129,,Unnamed,1901,,,,,,1,15-Aug,Alabama,1
1133,,Unnamed,1906,,,,,,2,27-Sep,Alabama,2
1141,,Unnamed,1912,,,,,,1,14-Sep,Alabama,1
1144,,Unnamed,1916,,,,,,2,5-Jul,Alabama,2
1145,,Unnamed,1916,,,,,,2,18-Oct,Alabama,2
1151,,Unnamed,1917,,,,,,1,29-Sep,Alabama,1
1154,,Baker,1950,,,,,,1,31-Aug,Alabama,1
1155,,Eloise,1975,,,,,,1,23-Sep,Alabama,1
1157,,Elena,1985,,,,,,3,2-Sep,Alabama,3
1160,,Sally,2020,,,,,,2,16-Sep,Alabama,2
1162,,Zeta,2020,,,,,,1,29-Oct,Alabama,1
58,3,Unnamed,1858,June,"June,1858",115,,,1,16-Sep,Conneticut,3
137,3,Unnamed,1869,September,"September,1869",125,921,,1,8-Sep,Conneticut,3
459,4,Unnamed,1894,,",1894",,,,1,10-Oct,Conneticut,4
792,4,Donna,1960,September,"September,1960",,,,1,12-Sep,Conneticut,4
937,4,Gloria,1985,September,"September,1985",,11,"$2,242,900,000.00 ",1,27-Sep,Conneticut,4
1117,,Unnamed,1893,,,,,,1,24-Aug,Conneticut,1
1165,,Unnamed,1938,,,,,,3,21-Sep,Conneticut,3
1170,,Unnamed,1944,,,,,,1,15-Sep,Conneticut,1
1179,,Carol,1954,,,,,,3,31-Aug,Conneticut,3
1184,,Bob,1991,,,,,,2,19-Aug,Conneticut,2
239,3,Unnamed,1878,August,"August,1878",115,200,,1,23-Oct,Deleware,3
247,3,Unnamed,1878,August,"August,1878",120,34,,1,23-Oct,Deleware,3
255,3,Unnamed,1878,October,"October,1878",120,34,,1,23-Oct,Deleware,3
263,3,Unnamed,1878,October,"October,1878",120,1,,1,23-Oct,Deleware,3
1188,,Unnamed,1903,,,,,,1,16-Sep,Deleware,1
15,3,Unnamed,1852,September,"September,1852",115,,,1,26-Aug,Florida,3
16,3,Unnamed,1852,September,"September,1852",115,,,1,12-Sep,Florida,3
17,3,Unnamed,1852,September,"September,1852",115,,,2,9-Oct,Florida,3
26,3,Unnamed,1854,June,"June,1854",125,,,1,8-Sep,Florida,3
41,3,Unnamed,1856,September,"September,1856",125,,,2,31-Aug,Florida,3
71,3,Unnamed,1859,October,"October,1859",115,,,1,16-Sep,Florida,3
72,3,Unnamed,1859,October,"October,1859",115,,,1,28-Oct,Florida,3
90,3,Unnamed,1861,September,"September,1861",115,46,,1,16-Aug,Florida,3
93,3,Unnamed,1861,November,"November,1861",125,9,,1,16-Aug,Florida,3
96,3,Unnamed,1861,September,"September,1861",125,1,,1,16-Aug,Florida,3
99,3,Unnamed,1861,August,"August,1861",115,,,1,16-Aug,Florida,3
127,3,Unnamed,1867,August,"August,1867",125,12,,1,6-Oct,Florida,3
131,3,Unnamed,1867,June,"June,1867",120,,,1,6-Oct,Florida,3
160,3,Unnamed,1870,July,"July,1870",120,10,,1,9-Oct,Florida,3
161,3,Unnamed,1870,July,"July,1870",120,10,,1,20-Oct,Florida,3
168,3,Unnamed,1871,October,"October,1871",120,200,,3,16-Aug,Florida,3
169,3,Unnamed,1871,October,"October,1871",120,200,,2,25-Aug,Florida,3
170,3,Unnamed,1871,October,"October,1871",120,200,,1,6-Sep,Florida,3
171,3,Unnamed,1871,September,"September,1871",120,28,,3,16-Aug,Florida,3
172,3,Unnamed,1871,September,"September,1871",120,28,,2,25-Aug,Florida,3
173,3,Unnamed,1871,September,"September,1871",120,28,,1,6-Sep,Florida,3
174,3,Unnamed,1871,September,"September,1871",115,1,,3,16-Aug,Florida,3
175,3,Unnamed,1871,September,"September,1871",115,1,,2,25-Aug,Florida,3
176,3,Unnamed,1871,September,"September,1871",115,1,,1,6-Sep,Florida,3
188,3,Unnamed,1873,September,"September,1873",115,17,,3,7-Oct,Florida,3
189,3,Unnamed,1873,September,"September,1873",115,17,,1,19-Sep,Florida,3
196,3,Unnamed,1874,August,"August,1874",120,149,,1,28-Sep,Florida,3
199,3,Unnamed,1874,September,"September,1874",120,5,,1,28-Sep,Florida,3
202,3,Unnamed,1874,August,"August,1874",120,,,1,28-Sep,Florida,3
216,3,Unnamed,1876,September,"September,1876",115,41,,2,20-Oct,Florida,3
223,3,Unnamed,1877,September,"September,1877",120,4000,,1,19-Sep,Florida,3
224,3,Unnamed,1877,September,"September,1877",120,4000,,3,3-Oct,Florida,3
227,3,Unnamed,1877,September,"September,1877",120,400,,1,19-Sep,Florida,3
228,3,Unnamed,1877,September,"September,1877",120,400,,3,3-Oct,Florida,3
240,3,Unnamed,1878,August,"August,1878",115,200,,2,10-Sep,Florida,3
248,3,Unnamed,1878,August,"August,1878",120,34,,2,10-Sep,Florida,3
256,3,Unnamed,1878,October,"October,1878",120,34,,2,10-Sep,Florida,3
264,3,Unnamed,1878,October,"October,1878",120,1,,2,10-Sep,Florida,3
300,3,Unnamed,1880,August,"August,1880",120,34,,2,29-Aug,Florida,3
301,3,Unnamed,1880,August,"August,1880",120,34,,1,8-Oct,Florida,3
304,3,Unnamed,1880,October,"October,1880",120,2,,2,29-Aug,Florida,3
305,3,Unnamed,1880,October,"October,1880",120,2,,1,8-Oct,Florida,3
308,3,Unnamed,1880,September,"September,1880",120,,,2,29-Aug,Florida,3
309,3,Unnamed,1880,September,"September,1880",120,,,1,8-Oct,Florida,3
312,3,Unnamed,1880,October,"October,1880",120,,,2,29-Aug,Florida,3
313,3,Unnamed,1880,October,"October,1880",120,,,1,8-Oct,Florida,3
316,3,Unnamed,1880,August,"August,1880",120,,,2,29-Aug,Florida,3
317,3,Unnamed,1880,August,"August,1880",120,,,1,8-Oct,Florida,3
335,3,Unnamed,1882,August,"August,1882",125,175,,3,10-Sep,Florida,3
336,3,Unnamed,1882,August,"August,1882",125,175,,1,11-Oct,Florida,3
338,3,Unnamed,1882,September,"September,1882",125,,,3,10-Sep,Florida,3
339,3,Unnamed,1882,September,"September,1882",125,,,1,11-Oct,Florida,3
360,3,Unnamed,1885,September,"September,1885",120,10,,1,24-Aug,Florida,3
364,3,Unnamed,1885,September,"September,1885",115,8,,1,24-Aug,Florida,3
368,3,Unnamed,1885,September,"September,1885",125,7,,1,24-Aug,Florida,3
372,3,Unnamed,1885,September,"September,1885",120,,,1,24-Aug,Florida,3
376,3,Unnamed,1885,August,"August,1885",125,,,1,24-Aug,Florida,3
383,3,Unnamed,1886,July,"July,1886",120,,,2,21-Jun,Florida,3
384,3,Unnamed,1886,July,"July,1886",120,,,2,30-Jun,Florida,3
385,3,Unnamed,1886,July,"July,1886",120,,,1,18-Jul,Florida,3
407,3,Unnamed,1887,September,"September,1887",120,216,,1,27-Jul,Florida,3
411,3,Unnamed,1887,October,"October,1887",115,3,,1,27-Jul,Florida,3
420,3,Unnamed,1888,June,"June,1888",125,,,3,16-Aug,Florida,3
421,3,Unnamed,1888,June,"June,1888",125,,,2,11-Oct,Florida,3
460,4,Unnamed,1894,,",1894",,,,2,25-Sep,Florida,4
461,4,Unnamed,1894,,",1894",,,,3,9-Oct,Florida,4
536,4,Unnamed,1910,,",1910",,,,2,18-Oct,Florida,4
612,4,Unnamed,1926,,",1926",,,,2,27-Jul,Florida,4
613,4,Unnamed,1926,,",1926",,,,4,18-Sep,Florida,4
614,4,Unnamed,1926,,",1926",,,,1,21-Oct,Florida,4
636,4,Unnamed,1929,,",1929",,,,3,28-Sep,Florida,4
649,4,Unnamed,1932,,",1932",,,,1,1-Sep,Florida,4
714,4,Unnamed,1945,,",1945",,,,1,24-Jun,Florida,4
715,4,Unnamed,1945,,",1945",,,,3,15-Sep,Florida,4
725,4,Unnamed,1948,,",1948",,,,4,21-Sep,Florida,4
726,4,Unnamed,1948,,",1948",,,,2,5-Oct,Florida,4
732,4,Unnamed,1949,,",1949",,,,4,26-Aug,Florida,4
750,1,Hazel,1953,October,"October,1953",85,0,"$250,000.00 ",1,9-Oct,Florida,1
767,1,Flossy,1956,September,"September,1956",90,15,"$24,900,000.00 ",1,24-Sep,Florida,1
793,4,Donna,1960,September,"September,1960",,,,4,10-Sep,Florida,4
816,4,Cleo,1964,August,"August,1964",,,,2,27-Aug,Florida,4
817,4,Dora,1964,September,"September,1964",,,,2,10-Sep,Florida,4
822,4,Betsy,1965,September,"September,1965",,,,3,8-Sep,Florida,4
831,5,Inez,1966,September,"September,1966",165,756,,2,8-Oct,Florida,5
844,1,Gladys,1968,October,"October,1968",85,11,"$18,700,000.00 ",2,19-Oct,Florida,1
878,1,Agnes,1972,June,"June,1972",90,128,"$2,100,000,000.00 ",1,19-Jun,Florida,1
915,5,David,1979,August,"August,1979",175,2068,,2,3-Sep,Florida,5
948,1,Floyd,1987,October,"October,1987",75,1,"$500,000.00 ",1,12-Oct,Florida,1
965,5,Andrew,1992,August,"August,1992",175,61,"$54,270,000,000.00 ",5,24-Aug,Florida,5
973,4,Opal,1995,October,"October,1995",,27,"$8,674,700,000.00 ",3,4-Oct,Florida,4
985,4,Georges,1998,September,"September,1998",,16,"$10,353,200,000.00 ",2,25-Sep,Florida,4
1013,5,Ivan,2004,September,"September,2004",165,57,"$30,545,800,000.00 ",3,16-Sep,Florida,3
1014,4,Frances,2004,September,"September,2004",,48,"$14,601,900,000.00 ",2,5-Sep,Florida,4
1015,4,Charley,2004,August,"August,2004",,35,"$2,399,300,000.00 ",4,13-Aug,Florida,4
1021,5,Katrina,2005,August,"August,2005",175,1833,"$180,042,400,000.00 ",1,25-Aug,Florida,5
1024,5,Wilma,2005,October,"October,2005",185,35,"$26,980,000,000.00 ",3,24-Oct,Florida,3
1025,5,Rita,2005,September,"September,2005",180,119,"$26,455,100,000.00 ",1,20-Sep,Florida,5
1030,4,Dennis,2005,July,"July,2005",,15,"$3,617,800,000.00 ",3,10-Jul,Florida,4
1075,5,Matthew,2016,October,"October,2016",165,49,"$11,700,000,000.00 ",2,7-Oct,Florida,5
1081,1,Hermine,2016,August,"August,2016",80,5,,1,2-Sep,Florida,1
1084,5,Irma,2017,September,"September,2017",180,97,"$57,500,000,000.00 ",4,10-Sep,Florida,4
1089,5,Michael,2018,October,"October,2018",160,49,"$27,972,000,000.00 ",5,10-Oct,Florida,5
1118,,Unnamed,1893,,,,,,1,27-Aug,Florida,1
1134,,Unnamed,1906,,,,,,1,16-Jun,Florida,1
1135,,Unnamed,1906,,,,,,2,27-Sep,Florida,2
1136,,Unnamed,1906,,,,,,3,18-Oct,Florida,3
1142,,Unnamed,1912,,,,,,1,14-Sep,Florida,1
1146,,Unnamed,1916,,,,,,2,5-Jul,Florida,2
1147,,Unnamed,1916,,,,,,2,18-Oct,Florida,2
1152,,Unnamed,1917,,,,,,3,29-Sep,Florida,3
1156,,Eloise,1975,,,,,,3,23-Sep,Florida,3
1158,,Elena,1985,,,,,,3,1-Sep,Florida,3
1161,,Sally,2020,,,,,,2,16-Sep,Florida,2
1171,,Unnamed,1944,,,,,,4,19-Oct,Florida,4
1189,,Unnamed,1903,,,,,,1,11-Aug,Florida,1
1191,,Unnamed,1851,,,,,,3,23-Aug,Florida,3
1194,,Unnamed,1865,,,,,,2,23-Oct,Florida,2
1197,,Unnamed,1891,,,,,,1,24-Aug,Florida,1
1199,,Unnamed,1896,,,,,,2,7-Jul,Florida,2
1200,,Unnamed,1896,,,,,,3,29-Sep,Florida,3
1207,,Unnamed,1898,,,,,,1,3-Aug,Florida,1
1208,,Unnamed,1898,,,,,,2,2-Oct,Florida,2
1212,,Unnamed,1899,,,,,,2,1-Aug,Florida,2
1216,,Unnamed,1900,,,,,,4,27-Aug,Florida,4
1218,,Unnamed,1904,,,,,,1,17-Oct,Florida,1
1220,,Unnamed,1909,,,,,,3,11-Oct,Florida,3
1226,,Unnamed,1911,,,,,,1,11-Aug,Florida,1
1229,,Unnamed,1915,,,,,,1,1-Aug,Florida,1
1230,,Unnamed,1915,,,,,,1,4-Sep,Florida,1
1235,,Unnamed,1919,,,,,,4,10-Sep,Florida,4
1237,,Unnamed,1921,,,,,,3,25-Oct,Florida,3
1239,,Unnamed,1924,,,,,,1,15-Sep,Florida,1
1240,,Unnamed,1924,,,,,,1,21-Oct,Florida,1
1243,,Unnamed,1928,,,,,,2,8-Aug,Florida,2
1244,,Unnamed,1928,,,,,,4,17-Sep,Florida,4
1247,,Unnamed,1933,,,,,,1,30-Jul,Florida,1
1248,,Unnamed,1933,,,,,,3,4-Sep,Florida,3
1255,,Unnamed,1935,,,,,,5,3-Sep,Florida,5
1256,,Unnamed,1935,,,,,,2,4-Nov,Florida,2
1257,,Unnamed,1936,,,,,,2,31-Jul,Florida,2
1261,,Unnamed,1939,,,,,,1,11-Aug,Florida,1
1262,,Unnamed,1941,,,,,,2,6-Oct,Florida,2
1264,,Unnamed,1946,,,,,,1,8-Oct,Florida,1
1265,,Unnamed,1947,,,,,,4,17-Sep,Florida,4
1266,,Unnamed,1947,,,,,,1,11-Oct,Florida,1
1272,,Easy,1950,,,,,,3,5-Sep,Florida,3
1273,,King,1950,,,,,,4,18-Oct,Florida,4
1274,,Florence,1953,,,,,,1,26-Sep,Florida,1
1275,,Isbell,1964,,,,,,2,14-Oct,Florida,2
1276,,Alma,1966,,,,,,3,9-Jun,Florida,3
1277,,Kate,1985,,,,,,2,21-Nov,Florida,2
1279,,Erin,1995,,,,,,2,3-Aug,Florida,2
1280,,Earl,1998,,,,,,1,3-Sep,Florida,1
1281,,Irene,1999,,,,,,1,15-Oct,Florida,1
1283,,Jeanne,2004,,,,,,3,26-Sep,Florida,3
18,3,Unnamed,1852,September,"September,1852",115,,,1,10-Oct,Georgia,3
27,3,Unnamed,1854,June,"June,1854",125,,,3,8-Sep,Georgia,3
42,3,Unnamed,1856,September,"September,1856",125,,,1,31-Aug,Georgia,3
225,3,Unnamed,1877,September,"September,1877",120,4000,,1,3-Oct,Georgia,3
229,3,Unnamed,1877,September,"September,1877",120,400,,1,3-Oct,Georgia,3
241,3,Unnamed,1878,August,"August,1878",115,200,,1,11-Sep,Georgia,3
249,3,Unnamed,1878,August,"August,1878",120,34,,1,11-Sep,Georgia,3
257,3,Unnamed,1878,October,"October,1878",120,34,,1,11-Sep,Georgia,3
265,3,Unnamed,1878,October,"October,1878",120,1,,1,11-Sep,Georgia,3
324,3,Unnamed,1881,August,"August,1881",120,55,,2,28-Aug,Georgia,3
327,3,Unnamed,1881,August,"August,1881",115,25,,2,28-Aug,Georgia,3
361,3,Unnamed,1885,September,"September,1885",120,10,,1,25-Aug,Georgia,3
365,3,Unnamed,1885,September,"September,1885",115,8,,1,25-Aug,Georgia,3
369,3,Unnamed,1885,September,"September,1885",125,7,,1,25-Aug,Georgia,3
373,3,Unnamed,1885,September,"September,1885",120,,,1,25-Aug,Georgia,3
377,3,Unnamed,1885,August,"August,1885",125,,,1,25-Aug,Georgia,3
386,3,Unnamed,1886,July,"July,1886",120,,,1,21-Jun,Georgia,3
387,3,Unnamed,1886,July,"July,1886",120,,,1,30-Jun,Georgia,3
462,4,Unnamed,1894,,",1894",,,,1,9-Oct,Georgia,4
733,4,Unnamed,1949,,",1949",,,,1,27-Aug,Georgia,4
916,5,David,1979,August,"August,1979",175,2068,,2,4-Sep,Georgia,5
1076,5,Matthew,2016,October,"October,2016",165,49,"$11,700,000,000.00 ",1,8-Oct,Georgia,5
1090,5,Michael,2018,October,"October,2018",160,49,"$27,972,000,000.00 ",2,10-Oct,Georgia,5
1119,,Unnamed,1893,,,,,,3,28-Aug,Georgia,3
1192,,Unnamed,1851,,,,,,1,24-Aug,Georgia,1
1201,,Unnamed,1896,,,,,,2,29-Sep,Georgia,2
1209,,Unnamed,1898,,,,,,1,31-Aug,Georgia,1
1210,,Unnamed,1898,,,,,,4,2-Oct,Georgia,4
1227,,Unnamed,1911,,,,,,1,28-Aug,Georgia,1
1245,,Unnamed,1928,,,,,,1,18-Sep,Georgia,1
1267,,Unnamed,1947,,,,,,2,15-Oct,Georgia,2
1278,,Kate,1985,,,,,,1,22-Nov,Georgia,1
1284,,Unnamed,1853,,,,,,1,21-Oct,Georgia,1
1285,,"""Labor Day""",1935,,,,,,1,5-Sep,Georgia,1
1286,,Unnamed,1940,,,,,,1,11-Aug,Georgia,1
19,3,Unnamed,1852,September,"September,1852",115,,,2,25-Aug,Louisiana,3
43,3,Unnamed,1856,September,"September,1856",125,,,4,11-Aug,Louisiana,3
77,3,Unnamed,1860,September,"September,1860",115,84,,3,11-Aug,Louisiana,3
78,3,Unnamed,1860,September,"September,1860",115,84,,2,15-Sep,Louisiana,3
79,3,Unnamed,1860,September,"September,1860",115,84,,2,2-Oct,Louisiana,3
128,3,Unnamed,1867,August,"August,1867",125,12,,2,4-Oct,Louisiana,3
132,3,Unnamed,1867,June,"June,1867",120,,,2,4-Oct,Louisiana,3
138,3,Unnamed,1869,September,"September,1869",125,921,,1,5-Sep,Louisiana,3
226,3,Unnamed,1877,September,"September,1877",120,4000,,1,18-Sep,Louisiana,3
230,3,Unnamed,1877,September,"September,1877",120,400,,1,18-Sep,Louisiana,3
275,3,Unnamed,1879,August,"August,1879",120,26,,2,23-Aug,Louisiana,3
276,3,Unnamed,1879,August,"August,1879",120,26,,3,1-Sep,Louisiana,3
281,3,Unnamed,1879,October,"October,1879",120,,,2,23-Aug,Louisiana,3
282,3,Unnamed,1879,October,"October,1879",120,,,3,1-Sep,Louisiana,3
388,3,Unnamed,1886,July,"July,1886",120,,,2,14-Jun,Louisiana,3
389,3,Unnamed,1886,July,"July,1886",120,,,3,12-Oct,Louisiana,3
408,3,Unnamed,1887,September,"September,1887",120,216,,1,19-Oct,Louisiana,3
412,3,Unnamed,1887,October,"October,1887",115,3,,1,19-Oct,Louisiana,3
422,3,Unnamed,1888,June,"June,1888",125,,,2,19-Aug,Louisiana,3
615,4,Unnamed,1926,,",1926",,,,3,26-Aug,Louisiana,4
727,4,Unnamed,1948,,",1948",,,,1,4-Sep,Louisiana,4
768,1,Flossy,1956,September,"September,1956",90,15,"$24,900,000.00 ",2,24-Sep,Louisiana,1
819,4,Hilda,1964,October,"October,1964",,,,2,3-Oct,Louisiana,4
823,4,Betsy,1965,September,"September,1965",,,,4,10-Sep,Louisiana,4
857,5,Camille,1969,August,"August,1969",175,259,,5,17-Aug,Louisiana,5
876,5,Edith,1971,September,"September,1971",160,37,,2,16-Sep,Louisiana,5
890,4,Carmen,1974,September,"September,1974",,,,3,8-Sep,Louisiana,4
898,1,Babe,1977,September,"September,1977",75,0,"$13,000,000.00 ",1,5-Sep,Louisiana,1
914,1,Bob,1979,July,"July,1979",75,1,"$20,000,000.00 ",1,11-Sep,Louisiana,1
936,1,Juan,1985,October,"October,1985",85,63,"$3,906,500,000.00 ",1,28-Oct,Louisiana,1
942,1,Danny,1985,August,"August,1985",90,5,"$100,000,000.00 ",1,15-Aug,Louisiana,1
950,1,Florence,1988,September,"September,1988",80,1,"$2,900,000.00 ",1,10-Sep,Louisiana,1
966,5,Andrew,1992,August,"August,1992",175,61,"$54,270,000,000.00 ",3,26-Aug,Louisiana,3
983,1,Danny,1997,July,"July,1997",80,9,"$100,000,000.00 ",1,18-Jul,Louisiana,1
1005,4,Lili,2002,October,"October,2002",,2,"$1,734,100,000.00 ",1,3-Oct,Louisiana,4
1022,5,Katrina,2005,August,"August,2005",175,1833,"$180,042,400,000.00 ",3,29-Aug,Louisiana,3
1026,5,Rita,2005,September,"September,2005",180,119,"$26,455,100,000.00 ",3,24-Sep,Louisiana,3
1031,1,Cindy,2005,July,"July,2005",75,3,"$320,000,000.00 ",1,6-Jul,Louisiana,1
1043,1,Humberto,2007,September,"September,2007",90,1,"$50,000,000.00 ",1,13-Sep,Louisiana,1
1049,4,Gustav,2008,August,"August,2008",,53,"$7,736,100,000.00 ",2,1-Sep,Louisiana,4
1062,1,Isaac,2012,August,"August,2012",80,9,"$3,399,100,000.00 ",1,28-Aug,Louisiana,1
1086,1,Nate,2017,October,"October,2017",90,48,,1,7-Oct,Louisiana,1
1096,1,Barry,2019,July,"July,2019",75,1,,1,13-Jul,Louisiana,1
1099,4,Laura,2020,August,"August,2020",,42,"$25,304,500,000.00 ",4,27-Aug,Louisiana,4
1103,4,Delta,2020,October,"October,2020",,5,"$3,125,300,000.00 ",2,9-Oct,Louisiana,4
1111,4,Ida,2021,August,"August,2021",105,96,#REF!,4,29-Aug,Louisiana,4
1120,,Unnamed,1893,,,,,,2,7-Sep,Louisiana,2
1121,,Unnamed,1893,,,,,,4,2-Oct,Louisiana,4
1130,,Unnamed,1901,,,,,,1,14-Aug,Louisiana,1
1137,,Unnamed,1906,,,,,,1,27-Sep,Louisiana,1
1153,,Unnamed,1917,,,,,,2,29-Sep,Louisiana,2
1163,,Zeta,2020,,,,,,3,28-Oct,Louisiana,3
1166,,Unnamed,1938,,,,,,1,15-Aug,Louisiana,1
1195,,Unnamed,1865,,,,,,2,13-Sep,Louisiana,2
1221,,Unnamed,1909,,,,,,3,20-Sep,Louisiana,3
1231,,Unnamed,1915,,,,,,1,17-Aug,Louisiana,1
1232,,Unnamed,1915,,,,,,3,29-Sep,Louisiana,3
1268,,Unnamed,1947,,,,,,2,19-Sep,Louisiana,2
1287,,Unnamed,1940,,,,,,2,7-Aug,Louisiana,2
1290,,Unnamed,1855,,,,,,3,16-Sep,Louisiana,3
1292,,Unnamed,1889,,,,,,1,23-Sep,Louisiana,1
1293,,Unnamed,1897,,,,,,1,12-Sep,Louisiana,1
1295,,Unnamed,1918,,,,,,3,7-Aug,Louisiana,3
1298,,Unnamed,1920,,,,,,2,21-Sep,Louisiana,2
1299,,Unnamed,1923,,,,,,1,16-Oct,Louisiana,1
1301,,Unnamed,1934,,,,,,2,16-Jun,Louisiana,2
1306,,Audrey,1957,,,,,,3,27-Jun,Louisiana,3
1308,,Ethel,1964,,,,,,1,15-Sep,Louisiana,1
139,3,Unnamed,1869,September,"September,1869",125,921,,2,4-Oct,Maine,3
938,4,Gloria,1985,September,"September,1985",,11,"$2,242,900,000.00 ",1,27-Sep,Maine,4
242,3,Unnamed,1878,August,"August,1878",115,200,,1,23-Oct,Maryland,3
250,3,Unnamed,1878,August,"August,1878",120,34,,1,23-Oct,Maryland,3
258,3,Unnamed,1878,October,"October,1878",120,34,,1,23-Oct,Maryland,3
266,3,Unnamed,1878,October,"October,1878",120,1,,1,23-Oct,Maryland,3
1249,,Unnamed,1933,,,,,,1,23-Aug,Maryland,1
59,3,Unnamed,1858,June,"June,1858",115,,,1,16-Sep,Massachusetts,3
140,3,Unnamed,1869,September,"September,1869",125,921,,3,8-Sep,Massachusetts,3
141,3,Unnamed,1869,September,"September,1869",125,921,,1,4-Oct,Massachusetts,3
277,3,Unnamed,1879,August,"August,1879",120,26,,1,19-Aug,Massachusetts,3
283,3,Unnamed,1879,October,"October,1879",120,,,1,19-Aug,Massachusetts,3
794,4,Donna,1960,September,"September,1960",,,,1,12-Sep,Massachusetts,4
1167,,Unnamed,1938,,,,,,2,21-Sep,Massachusetts,2
1172,,Unnamed,1944,,,,,,1,15-Sep,Massachusetts,1
1180,,Carol,1954,,,,,,2,31-Aug,Massachusetts,2
1185,,Bob,1991,,,,,,2,19-Aug,Massachusetts,2
1202,,Unnamed,1896,,,,,,1,10-Sep,Massachusetts,1
1241,,Unnamed,1924,,,,,,1,26-Aug,Massachusetts,1
1309,,Edna,1954,,,,,,2,11-Sep,Massachusetts,2
20,3,Unnamed,1852,September,"September,1852",115,,,3,26-Aug,Mississippi,3
80,3,Unnamed,1860,September,"September,1860",115,84,,3,12-Aug,Mississippi,3
81,3,Unnamed,1860,September,"September,1860",115,84,,2,15-Sep,Mississippi,3
423,3,Unnamed,1888,June,"June,1888",125,,,1,20-Aug,Mississippi,3
616,4,Unnamed,1926,,",1926",,,,1,21-Sep,Mississippi,4
858,5,Camille,1969,August,"August,1969",175,259,,5,18-Aug,Mississippi,5
919,4,Frederic,1979,September,"September,1979",,,,3,13-Sep,Mississippi,4
986,4,Georges,1998,September,"September,1998",,16,"$10,353,200,000.00 ",2,29-Sep,Mississippi,4
1023,5,Katrina,2005,August,"August,2005",175,1833,"$180,042,400,000.00 ",3,29-Aug,Mississippi,3
1087,1,Nate,2017,October,"October,2017",90,48,,1,8-Oct,Mississippi,1
1122,,Unnamed,1893,,,,,,2,2-Oct,Mississippi,2
1131,,Unnamed,1901,,,,,,1,15-Aug,Mississippi,1
1138,,Unnamed,1906,,,,,,2,27-Sep,Mississippi,2
1148,,Unnamed,1916,,,,,,3,6-Jul,Mississippi,3
1159,,Elena,1985,,,,,,3,2-Sep,Mississippi,3
1164,,Zeta,2020,,,,,,2,29-Oct,Mississippi,2
1222,,Unnamed,1909,,,,,,2,21-Sep,Mississippi,2
1233,,Unnamed,1915,,,,,,2,29-Sep,Mississippi,2
1269,,Unnamed,1947,,,,,,2,19-Sep,Mississippi,2
1291,,Unnamed,1855,,,,,,3,16-Aug,Mississippi,3
1300,,Unnamed,1923,,,,,,1,16-Oct,Mississippi,1
1313,,Ethel,1960,,,,,,1,15-Sep,Mississippi,1
939,4,Gloria,1985,September,"September,1985",,11,"$2,242,900,000.00 ",1,27-Sep,New Hampshire,4
243,3,Unnamed,1878,August,"August,1878",115,200,,1,23-Oct,New Jersey,3
251,3,Unnamed,1878,August,"August,1878",120,34,,1,23-Oct,New Jersey,3
259,3,Unnamed,1878,October,"October,1878",120,34,,1,23-Oct,New Jersey,3
267,3,Unnamed,1878,October,"October,1878",120,1,,1,23-Oct,New Jersey,3
1173,,Unnamed,1944,,,,,,1,14-Sep,New Jersey,1
1190,,Unnamed,1903,,,,,,1,16-Sep,New Jersey,1
1302,,Unnamed,1934,,,,,,1,8-Sep,New Jersey,1
60,3,Unnamed,1858,June,"June,1858",115,,,1,16-Sep,New York,3
142,3,Unnamed,1869,September,"September,1869",125,921,,1,8-Sep,New York,3
463,4,Unnamed,1894,,",1894",,,,1,10-Oct,New York,4
795,4,Donna,1960,September,"September,1960",,,,2,12-Sep,New York,4
879,1,Agnes,1972,June,"June,1972",90,128,"$2,100,000,000.00 ",1,22-Jun,New York,1
940,4,Gloria,1985,September,"September,1985",,11,"$2,242,900,000.00 ",1,27-Sep,New York,4
1123,,Unnamed,1893,,,,,,1,24-Aug,New York,1
1168,,Unnamed,1938,,,,,,3,21-Sep,New York,3
1174,,Unnamed,1944,,,,,,2,15-Sep,New York,2
1181,,Carol,1954,,,,,,3,31-Aug,New York,3
1186,,Bob,1991,,,,,,2,19-Aug,New York,2
1303,,Unnamed,1934,,,,,,1,8-Sep,New York,1
1310,,Edna,1954,,,,,,1,11-Sep,New York,1
1314,,Belle,1976,,,,,,1,10-Aug,New York,1
1315,,Sandy,2012,,,,,,1,29-Oct,New York,1
91,3,Unnamed,1861,September,"September,1861",115,46,,1,27-Sep,North Carolina,3
92,3,Unnamed,1861,September,"September,1861",115,46,,1,2-Nov,North Carolina,3
94,3,Unnamed,1861,November,"November,1861",125,9,,1,27-Sep,North Carolina,3
95,3,Unnamed,1861,November,"November,1861",125,9,,1,2-Nov,North Carolina,3
97,3,Unnamed,1861,September,"September,1861",125,1,,1,27-Sep,North Carolina,3
98,3,Unnamed,1861,September,"September,1861",125,1,,1,2-Nov,North Carolina,3
100,3,Unnamed,1861,August,"August,1861",115,,,1,27-Sep,North Carolina,3
101,3,Unnamed,1861,August,"August,1861",115,,,1,2-Nov,North Carolina,3
197,3,Unnamed,1874,August,"August,1874",120,149,,1,24-Sep,North Carolina,3
200,3,Unnamed,1874,September,"September,1874",120,5,,1,24-Sep,North Carolina,3
203,3,Unnamed,1874,August,"August,1874",120,,,1,24-Sep,North Carolina,3
217,3,Unnamed,1876,September,"September,1876",115,41,,1,17-Sep,North Carolina,3
244,3,Unnamed,1878,August,"August,1878",115,200,,2,23-Oct,North Carolina,3
252,3,Unnamed,1878,August,"August,1878",120,34,,2,23-Oct,North Carolina,3
260,3,Unnamed,1878,October,"October,1878",120,34,,2,23-Oct,North Carolina,3
268,3,Unnamed,1878,October,"October,1878",120,1,,2,23-Oct,North Carolina,3
278,3,Unnamed,1879,August,"August,1879",120,26,,3,18-Aug,North Carolina,3
284,3,Unnamed,1879,October,"October,1879",120,,,3,18-Aug,North Carolina,3
302,3,Unnamed,1880,August,"August,1880",120,34,,1,9-Sep,North Carolina,3
306,3,Unnamed,1880,October,"October,1880",120,2,,1,9-Sep,North Carolina,3
310,3,Unnamed,1880,September,"September,1880",120,,,1,9-Sep,North Carolina,3
314,3,Unnamed,1880,October,"October,1880",120,,,1,9-Sep,North Carolina,3
318,3,Unnamed,1880,August,"August,1880",120,,,1,9-Sep,North Carolina,3
325,3,Unnamed,1881,August,"August,1881",120,55,,2,9-Sep,North Carolina,3
328,3,Unnamed,1881,August,"August,1881",115,25,,2,9-Sep,North Carolina,3
342,3,Unnamed,1883,August,"August,1883",125,10,,2,11-Sep,North Carolina,3
362,3,Unnamed,1885,September,"September,1885",120,10,,2,25-Sep,North Carolina,3
366,3,Unnamed,1885,September,"September,1885",115,8,,2,25-Sep,North Carolina,3
370,3,Unnamed,1885,September,"September,1885",125,7,,2,25-Sep,North Carolina,3
374,3,Unnamed,1885,September,"September,1885",120,,,2,25-Sep,North Carolina,3
378,3,Unnamed,1885,August,"August,1885",125,,,2,25-Sep,North Carolina,3
409,3,Unnamed,1887,September,"September,1887",120,216,,1,20-Aug,North Carolina,3
413,3,Unnamed,1887,October,"October,1887",115,3,,1,20-Aug,North Carolina,3
734,4,Unnamed,1949,,",1949",,,,1,24-Aug,North Carolina,4
748,1,Barbara,1953,August,"August,1953",90,9,"$1,300,000.00 ",1,14-Aug,North Carolina,1
760,4,Hazel,1954,October,"October,1954",,,,4,15-Oct,North Carolina,4
763,4,Connie,1955,August,"August,1955",,,,2,12-Aug,North Carolina,4
777,4,Helene,1958,September,"September,1958",,,,3,27-Sep,North Carolina,4
796,4,Donna,1960,September,"September,1960",,,,2,12-Sep,North Carolina,4
933,4,Diana,1984,September,"September,1984",,,,2,13-Sep,North Carolina,4
941,4,Gloria,1985,September,"September,1985",,11,"$2,242,900,000.00 ",3,27-Sep,North Carolina,4
946,1,Charley,1986,August,"August,1986",80,15,"$15,000,000.00 ",1,17-Aug,North Carolina,1
954,5,Hugo,1989,September,"September,1989",160,86,"$20,429,700,000.00 ",1,22-Sep,North Carolina,5
991,4,Floyd,1999,September,"September,1999",,77,"$10,969,900,000.00 ",2,16-Sep,North Carolina,4
1007,5,Isabel,2003,September,"September,2003",165,55,"$8,390,600,000.00 ",2,18-Sep,North Carolina,5
1016,4,Charley,2004,August,"August,2004",,35,"$2,399,300,000.00 ",1,14-Aug,North Carolina,4
1032,1,Ophelia,2005,September,"September,2005",85,3,"$70,000,000.00 ",1,14-Sep,North Carolina,1
1077,5,Matthew,2016,October,"October,2016",165,49,"$11,700,000,000.00 ",1,8-Oct,North Carolina,5
1091,4,Florence,2018,September,"September,2018",,53,"$26,880,000,000.00 ",1,14-Sep,North Carolina,4
1095,5,Dorian,2019,September,"September,2019",185,10,"$1,787,100,000.00 ",2,6-Sep,North Carolina,5
1101,1,Isaias,2020,July,"July,2020",90,16,"$5,185,200,000.00 ",1,4-Aug,North Carolina,1
1124,,Unnamed,1893,,,,,,1,28-Aug,North Carolina,1
1125,,Unnamed,1893,,,,,,1,13-Oct,North Carolina,1
1132,,Unnamed,1901,,,,,,1,11-Jul,North Carolina,1
1139,,Unnamed,1906,,,,,,1,17-Sep,North Carolina,1
1175,,Unnamed,1944,,,,,,1,1-Aug,North Carolina,1
1176,,Unnamed,1944,,,,,,2,14-Sep,North Carolina,2
1182,,Carol,1954,,,,,,1,31-Aug,North Carolina,1
1203,,Unnamed,1896,,,,,,1,29-Sep,North Carolina,1
1213,,Unnamed,1899,,,,,,3,18-Aug,North Carolina,3
1214,,Unnamed,1899,,,,,,2,31-Oct,North Carolina,2
1242,,Unnamed,1924,,,,,,1,26-Aug,North Carolina,1
1250,,Unnamed,1933,,,,,,1,23-Aug,North Carolina,1
1251,,Unnamed,1933,,,,,,2,16-Sep,North Carolina,2
1258,,Unnamed,1936,,,,,,1,18-Sep,North Carolina,1
1282,,Irene,1999,,,,,,2,18-Oct,North Carolina,2
1296,,Unnamed,1918,,,,,,1,24-Aug,North Carolina,1
1304,,Unnamed,1934,,,,,,1,9-Sep,North Carolina,1
1311,,Edna,1954,,,,,,1,11-Sep,North Carolina,1
1316,,Unnamed,1857,,,,,,1,13-Sep,North Carolina,1
1317,,Unnamed,1908,,,,,,1,31-Jul,North Carolina,1
1318,,Unnamed,1913,,,,,,1,3-Sep,North Carolina,1
1321,,Ione,1955,,,,,,2,19-Sep,North Carolina,2
1322,,Ginger,1971,,,,,,1,30-Sep,North Carolina,1
1323,,Emily,1993,,,,,,3,31-Aug,North Carolina,3
1324,,Bertha,1996,,,,,,2,12-Jul,North Carolina,2
1325,,Fran,1996,,,,,,3,6-Sep,North Carolina,3
1326,,Bonnie,1998,,,,,,2,27-Aug,North Carolina,2
1327,,Alex,2004,,,,,,1,3-Aug,North Carolina,1
1328,,Irene,2011,,,,,,1,27-Aug,North Carolina,1
1329,,Arthur,2014,,,,,,2,4-Jul,North Carolina,2
61,3,Unnamed,1858,June,"June,1858",115,,,1,16-Sep,Rhode Island,3
143,3,Unnamed,1869,September,"September,1869",125,921,,1,8-Sep,Rhode Island,3
464,4,Unnamed,1894,,",1894",,,,1,10-Oct,Rhode Island,4
797,4,Donna,1960,September,"September,1960",,,,1,12-Sep,Rhode Island,4
1169,,Unnamed,1938,,,,,,3,21-Sep,Rhode Island,3
1177,,Unnamed,1944,,,,,,2,15-Sep,Rhode Island,2
1183,,Carol,1954,,,,,,3,31-Aug,Rhode Island,3
1187,,Bob,1991,,,,,,2,19-Aug,Rhode Island,2
1204,,Unnamed,1896,,,,,,1,10-Sep,Rhode Island,1
1312,,Edna,1954,,,,,,1,11-Sep,Rhode Island,1
28,3,Unnamed,1854,June,"June,1854",125,,,2,8-Sep,South Carolina,3
129,3,Unnamed,1867,August,"August,1867",125,12,,1,22-Jun,South Carolina,3
133,3,Unnamed,1867,June,"June,1867",120,,,1,22-Jun,South Carolina,3
198,3,Unnamed,1874,August,"August,1874",120,149,,1,28-Sep,South Carolina,3
201,3,Unnamed,1874,September,"September,1874",120,5,,1,28-Sep,South Carolina,3
204,3,Unnamed,1874,August,"August,1874",120,,,1,28-Sep,South Carolina,3
245,3,Unnamed,1878,August,"August,1878",115,200,,1,12-Sep,South Carolina,3
253,3,Unnamed,1878,August,"August,1878",120,34,,1,12-Sep,South Carolina,3
261,3,Unnamed,1878,October,"October,1878",120,34,,1,12-Sep,South Carolina,3
269,3,Unnamed,1878,October,"October,1878",120,1,,1,12-Sep,South Carolina,3
326,3,Unnamed,1881,August,"August,1881",120,55,,1,28-Aug,South Carolina,3
329,3,Unnamed,1881,August,"August,1881",115,25,,1,28-Aug,South Carolina,3
343,3,Unnamed,1883,August,"August,1883",125,10,,1,11-Sep,South Carolina,3
363,3,Unnamed,1885,September,"September,1885",120,10,,3,25-Aug,South Carolina,3
367,3,Unnamed,1885,September,"September,1885",115,8,,3,25-Aug,South Carolina,3
371,3,Unnamed,1885,September,"September,1885",125,7,,3,25-Aug,South Carolina,3
375,3,Unnamed,1885,September,"September,1885",120,,,3,25-Aug,South Carolina,3
379,3,Unnamed,1885,August,"August,1885",125,,,3,25-Aug,South Carolina,3
465,4,Unnamed,1894,,",1894",,,,1,27-Sep,South Carolina,4
761,4,Hazel,1954,October,"October,1954",,,,4,15-Oct,South Carolina,4
780,1,Cindy,1959,July,"July,1959",75,6,"$75,000.00 ",1,9-Jul,South Carolina,1
787,4,Gracie,1959,September,"September,1959",,,,4,29-Sep,South Carolina,4
917,5,David,1979,August,"August,1979",175,2068,,2,4-Sep,South Carolina,5
943,1,Bob,1985,July,"July,1985",75,5,"$20,000,000.00 ",1,25-Jul,South Carolina,1
955,5,Hugo,1989,September,"September,1989",160,86,"$20,429,700,000.00 ",4,22-Sep,South Carolina,4
1017,4,Charley,2004,August,"August,2004",,35,"$2,399,300,000.00 ",1,14-Aug,South Carolina,4
1018,1,Gaston,2004,August,"August,2004",75,9,"$130,000,000.00 ",1,29-Aug,South Carolina,1
1078,5,Matthew,2016,October,"October,2016",165,49,"$11,700,000,000.00 ",1,8-Oct,South Carolina,5
1102,1,Isaias,2020,July,"July,2020",90,16,"$5,185,200,000.00 ",1,4-Aug,South Carolina,1
1126,,Unnamed,1893,,,,,,3,28-Aug,South Carolina,3
1127,,Unnamed,1893,,,,,,3,13-Oct,South Carolina,3
1140,,Unnamed,1906,,,,,,1,17-Sep,South Carolina,1
1149,,Unnamed,1916,,,,,,2,14-Jul,South Carolina,2
1205,,Unnamed,1896,,,,,,1,29-Sep,South Carolina,1
1211,,Unnamed,1898,,,,,,1,31-Aug,South Carolina,1
1215,,Unnamed,1899,,,,,,2,31-Oct,South Carolina,2
1219,,Unnamed,1904,,,,,,1,14-Sep,South Carolina,1
1228,,Unnamed,1911,,,,,,2,28-Aug,South Carolina,2
1246,,Unnamed,1928,,,,,,1,18-Sep,South Carolina,1
1270,,Unnamed,1947,,,,,,2,15-Oct,South Carolina,2
1288,,Unnamed,1940,,,,,,2,11-Aug,South Carolina,2
1319,,Unnamed,1913,,,,,,1,8-Oct,South Carolina,1
1330,,Able,1952,,,,,,2,31-Aug,South Carolina,2
29,3,Unnamed,1854,June,"June,1854",125,,,1,26-Jun,Texas,3
30,3,Unnamed,1854,June,"June,1854",125,,,2,18-Sep,Texas,3
121,3,Unnamed,1866,September,"September,1866",120,150,,2,15-Jul,Texas,3
122,3,Unnamed,1866,September,"September,1866",120,,,2,15-Jul,Texas,3
130,3,Unnamed,1867,August,"August,1867",125,12,,1,2-Oct,Texas,3
134,3,Unnamed,1867,June,"June,1867",120,,,1,2-Oct,Texas,3
144,3,Unnamed,1869,September,"September,1869",125,921,,2,17-Aug,Texas,3
211,3,Unnamed,1875,September,"September,1875",120,240,,3,16-Sep,Texas,3
212,3,Unnamed,1875,August,"August,1875",120,134,,3,16-Sep,Texas,3
213,3,Unnamed,1875,October,"October,1875",120,19,,3,16-Sep,Texas,3
279,3,Unnamed,1879,August,"August,1879",120,26,,2,23-Aug,Texas,3
285,3,Unnamed,1879,October,"October,1879",120,,,2,23-Aug,Texas,3
303,3,Unnamed,1880,August,"August,1880",120,34,,3,13-Aug,Texas,3
307,3,Unnamed,1880,October,"October,1880",120,2,,3,13-Aug,Texas,3
311,3,Unnamed,1880,September,"September,1880",120,,,3,13-Aug,Texas,3
315,3,Unnamed,1880,October,"October,1880",120,,,3,13-Aug,Texas,3
319,3,Unnamed,1880,August,"August,1880",120,,,3,13-Aug,Texas,3
390,3,Unnamed,1886,July,"July,1886",120,,,2,14-Jun,Texas,3
391,3,Unnamed,1886,July,"July,1886",120,,,4,20-Aug,Texas,3
392,3,Unnamed,1886,July,"July,1886",120,,,1,23-Sep,Texas,3
393,3,Unnamed,1886,July,"July,1886",120,,,2,12-Oct,Texas,3
410,3,Unnamed,1887,September,"September,1887",120,216,,2,21-Sep,Texas,3
414,3,Unnamed,1887,October,"October,1887",115,3,,2,21-Sep,Texas,3
424,3,Unnamed,1888,June,"June,1888",125,,,1,17-Jun,Texas,3
537,4,Unnamed,1910,,",1910",,,,2,14-Sep,Texas,4
637,4,Unnamed,1929,,",1929",,,,1,28-Jun,Texas,4
650,4,Unnamed,1932,,",1932",,,,4,14-Aug,Texas,4
716,4,Unnamed,1945,,",1945",,,,2,27-Aug,Texas,4
735,4,Unnamed,1949,,",1949",,,,2,4-Oct,Texas,4
779,1,Debra,1959,July,"July,1959",85,0,"$700,000.00 ",1,25-Jul,Texas,1
801,4,Carla,1961,September,"September,1961",,,,4,11-Sep,Texas,4
838,5,Beulah,1967,September,"September,1967",160,59,,3,20-Sep,Texas,3
866,4,Celia,1970,August,"August,1970",,,,4,3-Aug,Texas,4
871,1,Fern,1971,September,"September,1971",90,2,"$30,200,000.00 ",1,10-Sep,Texas,1
921,5,Allen,1980,August,"August,1980",190,13,"$2,012,000,000.00 ",3,10-Aug,Texas,3
945,1,Bonnie,1986,June,"June,1986",85,5,"$42,000,000.00 ",1,28-Jun,Texas,1
956,1,Chantal,1989,July,"July,1989",80,13,"$100,000,000.00 ",1,1-Aug,Texas,1
957,1,Jerry,1989,October,"October,1989",85,3,"$70,000,000.00 ",1,16-Oct,Texas,1
992,4,Bret,1999,August,"August,1999",,,,3,23-Aug,Texas,4
1009,1,Claudette,2003,July,"July,2003",90,3,"$181,000,000.00 ",1,15-Jul,Texas,1
1027,5,Rita,2005,September,"September,2005",180,119,"$26,455,100,000.00 ",2,24-Sep,Texas,5
1044,1,Humberto,2007,September,"September,2007",90,1,"$50,000,000.00 ",1,13-Sep,Texas,1
1048,4,Ike,2008,September,"September,2008",,112,"$38,998,400,000.00 ",2,13-Sep,Texas,4
1082,4,Harvey,2017,August,"August,2017",,89,"$143,750,000,000.00 ",4,26-Aug,Texas,4
1100,4,Laura,2020,August,"August,2020",,42,"$25,304,500,000.00 ",1,27-Aug,Texas,4
1104,1,Hanna,2020,July,"July,2020",90,0,"$1,171,800,000.00 ",1,25-Jul,Texas,1
1110,1,Nicholas,2021,September,"September,2021",75,0,"$1,056,600,000.00 ",1,14-Sep,Texas,1
1143,,Unnamed,1912,,,,,,2,16-Oct,Texas,2
1150,,Unnamed,1916,,,,,,4,18-Aug,Texas,4
1193,,Unnamed,1851,,,,,,1,25-Jun,Texas,1
1196,,Unnamed,1865,,,,,,1,13-Sep,Texas,1
1198,,Unnamed,1891,,,,,,1,5-Jul,Texas,1
1217,,Unnamed,1900,,,,,,4,9-Sep,Texas,4
1223,,Unnamed,1909,,,,,,2,29-Jun,Texas,2
1224,,Unnamed,1909,,,,,,3,21-Jul,Texas,3
1225,,Unnamed,1909,,,,,,1,27-Aug,Texas,1
1234,,Unnamed,1915,,,,,,4,17-Aug,Texas,4
1236,,Unnamed,1919,,,,,,3,14-Sep,Texas,3
1238,,Unnamed,1921,,,,,,1,22-Jun,Texas,1
1252,,Unnamed,1933,,,,,,2,7-Aug,Texas,2
1253,,Unnamed,1933,,,,,,3,5-Sep,Texas,3
1259,,Unnamed,1936,,,,,,1,27-Jun,Texas,1
1263,,Unnamed,1941,,,,,,3,23-Sep,Texas,3
1271,,Unnamed,1947,,,,,,1,24-Aug,Texas,1
1289,,Unnamed,1940,,,,,,2,8-Aug,Texas,2
1294,,Unnamed,1897,,,,,,1,13-Sep,Texas,1
1297,,Unnamed,1918,,,,,,1,7-Aug,Texas,1
1305,,Unnamed,1934,,,,,,2,25-Jul,Texas,2
1307,,Audrey,1957,,,,,,2,27-Jun,Texas,2
1320,,Unnamed,1913,,,,,,1,27-Jun,Texas,1
1331,,Unnamed,1895,,,,,,1,30-Aug,Texas,1
1332,,Unnamed,1942,,,,,,1,21-Aug,Texas,1
1333,,Unnamed,1942,,,,,,3,30-Aug,Texas,3
1334,,Unnamed,1943,,,,,,2,27-Jul,Texas,2
1335,,Alicia,1983,,,,,,3,18-Aug,Texas,3
1336,,Dolly,2008,,,,,,1,23-Jul,Texas,1
218,3,Unnamed,1876,September,"September,1876",115,41,,1,17-Sep,Virginia,3
246,3,Unnamed,1878,August,"August,1878",115,200,,1,23-Oct,Virginia,3
254,3,Unnamed,1878,August,"August,1878",120,34,,1,23-Oct,Virginia,3
262,3,Unnamed,1878,October,"October,1878",120,34,,1,23-Oct,Virginia,3
270,3,Unnamed,1878,October,"October,1878",120,1,,1,23-Oct,Virginia,3
280,3,Unnamed,1879,August,"August,1879",120,26,,2,18-Aug,Virginia,3
286,3,Unnamed,1879,October,"October,1879",120,,,2,18-Aug,Virginia,3
466,4,Unnamed,1894,,",1894",,,,1,29-Sep,Virginia,4
764,4,Connie,1955,August,"August,1955",,,,1,12-Aug,Virginia,4
798,4,Donna,1960,September,"September,1960",,,,1,12-Sep,Virginia,4
1008,5,Isabel,2003,September,"September,2003",165,55,"$8,390,600,000.00 ",1,19-Sep,Virginia,5
1128,,Unnamed,1893,,,,,,1,13-Oct,Virginia,1
1178,,Unnamed,1944,,,,,,2,14-Sep,Virginia,2
1206,,Unnamed,1896,,,,,,1,30-Sep,Virginia,1
1254,,Unnamed,1933,,,,,,1,16-Sep,Virginia,1
1260,,Unnamed,1936,,,,,,1,18-Sep,Virginia,1
0,2,Eight,1851,July,"July,1851",105,,,,,,2
1,2,Five,1851,June,"June,1851",105,,,,,,2
2,3,Mobile,1851,July,"July,1851",115,300,,,,,3
3,1,One,1851,June,"June,1851",90,1,,,,,1
4,3,San Agapito,1851,June,"June,1851",115,23,,,,,3
5,1,Two,1851,July,"July,1851",90,0,,,,,1
6,2,Four,1852,September,"September,1852",105,4,"$20,000.00 ",,,,2
7,1,Four,1852,September,"September,1852",90,0,,,,,1
8,3,Coastal,1852,September,"September,1852",125,26,,,,,3
9,1,Hurricane San Lorenzo of 1852,1852,September,"September,1852",80,,,,,,1
10,3,Middle Gulf Coast,1852,September,"September,1852",125,,,,,,3
11,2,One,1852,September,"September,1852",105,,,,,,2
12,1,Three,1852,September,"September,1852",80,0,,,,,1
13,2,Two,1852,September,"September,1852",105,0,,,,,2
21,1,Six,1853,September,"September,1853",80,0,,,,,1
22,3,Southeastern,1853,September,"September,1853",115,4,,,,,3
23,2,Two,1853,September,"September,1853",105,424,,,,,2
24,2,Four,1854,June,"June,1854",105,0,,,,,2
25,1,One,1854,June,"June,1854",80,0,,,,,1
31,3,San Narciso,1855,August,"August,1855",125,811,,,,,3
32,2,Three,1855,August,"August,1855",105,0,,,,,2
33,1,Three,1855,August,"August,1855",80,0,,,,,1
34,4,Last Island,1856,August,"August,1856",,,,,,,4
35,3,New England,1856,August,"August,1856",115,12,,,,,3
36,2,One,1856,September,"September,1856",105,0,,,,,2
37,2,Six,1856,August,"August,1856",105,0,,,,,2
38,1,Six,1856,September,"September,1856",80,0,,,,,1
39,1,Two,1856,August,"August,1856",80,0,,,,,1
44,3,San Marcos,1857,September,"September,1857",115,1200,,,,,3
45,1,Three,1857,September,"September,1857",80,0,,,,,1
46,2,Two,1857,September,"September,1857",105,0,,,,,2
47,3,Central Florida,1858,September,"September,1858",115,26,,,,,3
48,1,Five,1858,September,"September,1858",90,0,,,,,1
49,2,Four,1858,June,"June,1858",105,0,,,,,2
50,1,Four,1858,September,"September,1858",90,0,,,,,1
51,2,Four,1858,September,"September,1858",100,,,,,,2
52,3,Nova Scotia,1858,September,"September,1858",115,600,,,,,3
53,1,One,1858,June,"June,1858",80,0,,,,,1
54,3,Santa Juana,1858,August,"August,1858",115,27,,,,,3
55,2,Six,1858,September,"September,1858",105,,,,,,2
56,2,Two,1858,August,"August,1858",100,0,,,,,2
57,1,Two,1858,August,"August,1858",80,0,,,,,1
62,1,Eight,1859,October,"October,1859",90,,,,,,1
63,1,Five,1859,September,"September,1859",80,2,,,,,1
64,3,Indianola,1859,September,"September,1859",115,829,,,,,3
65,2,One,1859,September,"September,1859",105,0,,,,,2
66,3,San Felipe,1859,September,"September,1859",115,21,,,,,3
67,2,Seven,1859,September,"September,1859",105,0,,,,,2
68,1,Three,1859,September,"September,1859",80,0,,,,,1
69,2,Three,1859,October,"October,1859",105,0,,,,,2
73,1,Three,1860,September,"September,1860",80,0,,,,,1
74,2,Two,1860,September,"September,1860",105,0,,,,,2
82,1,Five,1861,September,"September,1861",80,0,,,,,1
83,1,Four,1861,September,"September,1861",80,0,,,,,1
84,2,One,1861,September,"September,1861",105,0,,,,,2
85,1,The Expedition Hurricane of 1861,1861,November,"November,1861",80,0,,,,,1
86,2,Three,1861,August,"August,1861",105,0,,,,,2
87,2,Three,1861,November,"November,1861",105,0,,,,,2
88,1,Two,1861,August,"August,1861",90,0,,,,,1
89,2,Two,1861,September,"September,1861",105,0,,,,,2
102,1,Five,1862,October,"October,1862",80,3,,,,,1
103,2,Four,1862,October,"October,1862",105,0,,,,,2
104,3,Unnamed,1862,October,"October,1862",125,,,,,,3
105,1,Five,1863,September,"September,1863",80,0,,,,,1
106,2,Four,1863,September,"September,1863",105,325,,,,,2
107,3,Unnamed,1863,September,"September,1863",125,106,,,,,3
108,2,Seven,1864,July,"July,1864",105,1,"$300,000.00 ",,,,2
109,1,Five,1864,October,"October,1864",80,0,,,,,1
110,1,One,1864,July,"July,1864",80,0,,,,,1
111,2,One,1864,August,"August,1864",105,,,,,,2
112,1,Three,1864,August,"August,1864",80,0,,,,,1
113,2,Two,1864,October,"October,1864",105,,,,,,2
114,3,Unnamed,1864,August,"August,1864",120,4,,,,,3
115,3,Unnamed,1864,October,"October,1864",115,,,,,,3
116,3,Unnamed,1864,July,"July,1864",125,,,,,,3
117,2,Four,1866,September,"September,1866",105,8,,,,,2
118,1,Four,1866,September,"September,1866",80,0,,,,,1
119,1,Three,1866,September,"September,1866",80,0,,,,,1
120,2,Two,1866,September,"September,1866",105,13,,,,,2
123,1,Four,1867,August,"August,1867",80,0,,,,,1
124,1,One,1867,June,"June,1867",80,0,,,,,1
125,2,Six,1867,August,"August,1867",105,0,,,,,2
126,2,Three,1867,June,"June,1867",105,0,,,,,2
135,1,Five,1869,September,"September,1869",80,0,,,,,1
136,2,Seven,1869,September,"September,1869",105,,,,,,2
145,1,Eight,1870,October,"October,1870",80,0,,,,,1
146,1,Eleven,1870,October,"October,1870",80,0,,,,,1
147,1,Five,1870,September,"September,1870",90,0,,,,,1
148,2,Four,1870,October,"October,1870",105,0,,,,,2
149,3,Midnight Storm,1870,October,"October,1870",115,34,,,,,3
150,2,One,1870,July,"July,1870",105,2,,,,,2
151,2,One,1870,October,"October,1870",105,0,,,,,2
152,3,San Mag√≠n,1870,September,"September,1870",125,703,,,,,3
153,3,San Roque,1870,October,"October,1870",120,4,,,,,3
154,3,Sea Islands,1870,October,"October,1870",120,1000,,,,,3
155,1,Seven,1870,October,"October,1870",80,0,,,,,1
156,1,The Mobile Hurricane of 1870,1870,July,"July,1870",80,,,,,,1
157,2,Three,1870,September,"September,1870",105,0,,,,,2
158,2,Two,1870,October,"October,1870",105,,,,,,2
162,1,Eight,1871,October,"October,1871",80,0,,,,,1
163,1,Seven,1871,September,"September,1871",80,0,,,,,1
164,2,Seven,1871,September,"September,1871",105,0,,,,,2
165,1,Six,1871,September,"September,1871",80,0,,,,,1
166,2,Ten,1871,September,"September,1871",105,37,,,,,2
167,2,Two,1871,October,"October,1871",105,0,,,,,2
177,3,Cedar Keys,1872,October,"October,1872",125,202,,,,,3
178,1,Five,1872,October,"October,1872",80,0,,,,,1
179,2,Five,1872,October,"October,1872",105,0,,,,,2
180,1,Four,1872,September,"September,1872",80,0,,,,,1
181,2,Nine,1872,September,"September,1872",105,52,,,,,2
182,3,San Ram√≥n,1872,September,"September,1872",115,,,,,,3
183,2,Ten,1872,September,"September,1872",105,0,,,,,2
184,1,Three,1872,September,"September,1872",80,0,,,,,1
185,3,Unnamed,1872,September,"September,1872",120,9,,,,,3
186,1,Three,1873,September,"September,1873",80,0,,,,,1
187,2,Two,1873,September,"September,1873",105,0,,,,,2
190,2,Five,1874,August,"August,1874",105,0,,,,,2
191,2,Four,1874,September,"September,1874",105,0,,,,,2
192,2,Seven,1874,August,"August,1874",105,0,,,,,2
193,1,Six,1874,September,"September,1874",90,0,,,,,1
194,1,Three,1874,August,"August,1874",90,0,,,,,1
195,1,Two,1874,August,"August,1874",80,0,,,,,1
205,2,Five,1875,September,"September,1875",105,9,,,,,2
206,2,Four,1875,August,"August,1875",105,0,,,,,2
207,1,One,1875,August,"August,1875",80,0,,,,,1
208,1,Six,1875,October,"October,1875",80,0,,,,,1
209,2,Six,1875,October,"October,1875",105,0,,,,,2
210,1,Two,1875,September,"September,1875",80,0,,,,,1
214,2,Eleven,1876,September,"September,1876",105,72,"$2,000,000.00 ",,,,2
215,1,One,1876,September,"September,1876",90,0,,,,,1
219,2,Eight,1877,September,"September,1877",105,0,,,,,2
220,1,Three,1877,September,"September,1877",80,0,,,,,1
221,2,Two,1877,September,"September,1877",105,0,,,,,2
222,1,Two,1877,September,"September,1877",80,0,,,,,1
231,1,Eight,1878,October,"October,1878",80,27,,,,,1
232,2,Five,1878,August,"August,1878",105,700,,,,,2
233,2,Four,1878,August,"August,1878",105,68,,,,,2
234,2,Four,1878,October,"October,1878",105,8,,,,,2
235,1,Nine,1878,October,"October,1878",80,0,,,,,1
236,2,Six,1878,October,"October,1878",105,0,,,,,2
237,1,Three,1878,August,"August,1878",90,0,,,,,1
238,1,Two,1878,August,"August,1878",80,,,,,,1
271,2,Two,1879,August,"August,1879",105,25,"$1,800,000.00 ",,,,2
272,1,One,1879,August,"August,1879",80,0,,,,,1
273,2,One,1879,October,"October,1879",100,,,,,,2
274,1,Seven,1879,October,"October,1879",80,0,,,,,1
287,2,Eight,1880,September,"September,1880",100,0,,,,,2
288,2,Eight,1880,October,"October,1880",105,0,,,,,2
289,1,Five,1880,August,"August,1880",90,0,,,,,1
290,2,Four,1880,October,"October,1880",100,0,,,,,2
291,1,Nine,1880,October,"October,1880",80,0,,,,,1
292,2,Nine,1880,September,"September,1880",100,0,,,,,2
293,3,San Pedro,1880,September,"September,1880",125,80,,,,,3
294,1,Seven,1880,September,"September,1880",90,0,,,,,1
295,1,Six,1880,September,"September,1880",80,0,,,,,1
296,1,Ten,1880,October,"October,1880",90,0,,,,,1
297,2,Three,1880,August,"August,1880",100,18,,,,,2
298,1,Three,1880,August,"August,1880",90,0,,,,,1
299,2,Two,1880,August,"August,1880",100,0,,,,,2
320,2,Fifteen,1881,August,"August,1881",105,0,,,,,2
321,1,Four,1881,August,"August,1881",80,,,,,,1
322,2,Nine,1881,August,"August,1881",100,14,,,,,2
323,1,Three,1881,August,"August,1881",90,0,,,,,1
330,1,Five,1882,September,"September,1882",80,0,,,,,1
331,2,Nine,1882,September,"September,1882",100,0,,,,,2
332,1,One,1882,August,"August,1882",80,0,,,,,1
333,2,Seven,1882,August,"August,1882",110,0,,,,,2
340,2,Four,1883,August,"August,1883",105,40,,,,,2
341,1,One,1883,August,"August,1883",90,0,,,,,1
344,2,Four,1884,September,"September,1884",100,0,,,,,2
345,1,One,1884,September,"September,1884",80,0,,,,,1
346,2,Six,1884,September,"September,1884",110,0,,,,,2
347,1,Three,1884,September,"September,1884",90,0,,,,,1
348,3,Unnamed,1884,September,"September,1884",120,2,,,,,3
349,3,Unnamed,1884,September,"September,1884",115,,,,,,3
350,2,Five,1885,September,"September,1885",100,0,,,,,2
351,2,Five,1885,August,"August,1885",100,0,,,,,2
352,1,Five,1885,September,"September,1885",80,0,,,,,1
353,1,Four,1885,September,"September,1885",90,4,,,,,1
354,1,One,1885,August,"August,1885",90,0,,,,,1
355,2,Seven,1885,September,"September,1885",100,0,,,,,2
356,1,Seven,1885,September,"September,1885",90,0,,,,,1
357,2,Six,1885,September,"September,1885",100,0,,,,,2
358,1,Six,1885,September,"September,1885",80,,,,,,1
359,2,Three,1885,September,"September,1885",100,0,,,,,2
380,1,Four,1886,July,"July,1886",85,,,,,,1
381,4,Indianola,1886,August,"August,1886",,,,,,,4
382,2,Two,1886,July,"July,1886",100,,,,,,2
394,3,Able,1887,November,"November,1887",120,,,,,,3
395,2,Eight,1887,October,"October,1887",100,0,,,,,2
396,1,Eighteen,1887,December,"December,1887",80,0,,,,,1
397,2,Five,1887,September,"September,1887",100,0,,,,,2
398,1,Fourteen,1887,October,"October,1887",85,0,,,,,1
399,3,Fox,1887,December,"December,1887",125,11,,,,,3
400,3,Love,1887,October,"October,1887",120,,,,,,3
401,2,Seven,1887,October,"October,1887",100,5,,,,,2
402,2,Seven,1887,November,"November,1887",,0,,,,,2
403,1,Seventeen,1887,November,"November,1887",80,0,,,,,1
404,1,Ten,1887,September,"September,1887",80,0,,,,,1
405,1,Thirteen,1887,October,"October,1887",85,,,,,,1
406,2,Two,1887,December,"December,1887",110,0,,,,,2
415,2,One,1888,September,"September,1888",100,1,"$100,000.00 ",,,,2
416,1,One,1888,June,"June,1888",80,,,,,,1
417,3,Able,1888,September,"September,1888",115,11,,,,,3
418,2,Five,1888,June,"June,1888",105,,,,,,2
419,1,Six,1888,September,"September,1888",80,,,,,,1
425,2,Five,1889,June,"June,1889",100,4,"$500,000.00 ",,,,2
426,1,Five,1889,September,"September,1889",80,0,,,,,1
427,3,Charlie,1889,September,"September,1889",120,4,,,,,3
428,3,Easy,1889,May,"May,1889",120,2,,,,,3
429,3,Fox,1889,August,"August,1889",115,,,,,,3
430,3,Jig,1889,June,"June,1889",115,,,,,,3
431,2,One,1889,September,"September,1889",100,45,,,,,2
432,1,One,1889,May,"May,1889",80,0,,,,,1
433,2,Six,1889,August,"August,1889",100,0,,,,,2
434,2,Three,1889,May,"May,1889",100,0,,,,,2
435,1,Three,1889,August,"August,1889",80,,,,,,1
436,1,Two,1889,June,"June,1889",75,,,,,,1
437,2,Four,1890,October,"October,1890",110,383,"$2,500,000.00 ",,,,2
438,1,Four,1890,October,"October,1890",90,,,,,,1
439,3,Edna,1890,October,"October,1890",115,,,,,,3
440,2,Two,1891,July,"July,1891",100,7,"$1,000,000.00 ",,,,2
441,1,Two,1891,August,"August,1891",80,0,,,,,1
442,2,Nine,1891,October,"October,1891",110,,"$200,000.00 ",,,,2
443,1,Nine,1891,October,"October,1891",85,,,,,,1
444,3,Carol,1891,August,"August,1891",115,72,,,,,3
445,3,Edna,1891,October,"October,1891",125,27,,,,,3
446,3,Florence,1891,July,"July,1891",115,,,,,,3
447,2,Four,1891,August,"August,1891",105,0,,,,,2
448,1,One,1891,July,"July,1891",90,10,,,,,1
449,3,Betsy,1892,October,"October,1892",120,36,,,,,3
450,1,Eight,1892,October,"October,1892",90,0,,,,,1
451,3,Hilda,1892,August,"August,1892",120,304,,,,,3
452,2,Seven,1892,October,"October,1892",105,0,,,,,2
453,2,Three,1892,August,"August,1892",100,0,,,,,2
454,1,Two,1892,August,"August,1892",75,,,,,,1
455,3,Audrey,1893,June,"June,1893",125,431,,,,,3
456,4,Cheniere Caminada,1893,August,"August,1893",,,,,,,4
457,1,One,1893,June,"June,1893",80,,,,,,1
458,2,Three,1893,June,"June,1893",100,0,,,,,2
467,2,Four,1897,October,"October,1897",100,57,"$9,000,000.00 ",,,,2
468,2,Four,1897,September,"September,1897",105,0,,,,,2
469,3,Ethel,1897,October,"October,1897",115,1,,,,,3
470,1,Five,1897,October,"October,1897",80,188,,,,,1
471,3,Hannah,1897,September,"September,1897",120,,,,,,3
472,1,Two,1897,September,"September,1897",85,29,,,,,1
473,3,Arlene,1898,August,"August,1898",115,,,,,,3
474,3,Beulah,1898,August,"August,1898",120,,,,,,3
475,4,Georgia,1898,,",1898",,,,,,,4
476,3,Isbell,1898,September,"September,1898",115,7,,,,,3
477,1,One,1898,August,"August,1898",80,12,,,,,1
478,2,Seven,1898,August,"August,1898",100,0,,,,,2
479,2,Six,1898,August,"August,1898",110,2,,,,,2
480,1,Three,1898,September,"September,1898",80,0,,,,,1
481,2,Two,1898,September,"September,1898",105,0,,,,,2
482,1,Two,1898,August,"August,1898",85,,,,,,1
483,4,San Ciriaco,1899,,",1899",,,,,,,4
484,4,Galveston,1900,August,"August,1900",,,,,,,4
485,2,Twelve,1901,October,"October,1901",105,198,"$10,000,000.00 ",,,,2
486,2,Two,1901,September,"September,1901",100,0,"$1,300,000.00 ",,,,2
487,1,1901 Louisiana hurricane,1901,August,"August,1901",90,,,,,,1
488,3,Alma,1901,July,"July,1901",125,93,,,,,3
489,3,Debbie,1901,August,"August,1901",120,,,,,,3
490,2,Eight,1901,August,"August,1901",110,0,,,,,2
491,3,Faith,1901,August,"August,1901",120,5,,,,,3
492,3,Francelia,1901,September,"September,1901",115,271,,,,,3
493,3,Gerda,1901,October,"October,1901",125,,,,,,3
494,1,Hurricane San Cirillo of 1901,1901,July,"July,1901",80,,,,,,1
495,1,Hurricane San Vicente of 1901,1901,September,"September,1901",80,,,,,,1
496,2,Nine,1901,August,"August,1901",105,0,,,,,2
497,2,One,1901,July,"July,1901",100,0,,,,,2
498,1,Six,1901,August,"August,1901",80,0,,,,,1
499,1,Thirteen,1901,October,"October,1901",80,0,,,,,1
500,3,Inga,1902,June,"June,1902",115,,,,,,3
501,2,Three,1902,June,"June,1902",110,0,,,,,2
502,1,Two,1902,June,"June,1902",80,,,,,,1
503,2,Three,1903,September,"September,1903",100,17,"$27,400,000.00 ",,,,2
504,2,Four,1903,November,"November,1903",100,10,"$2,000,000.00 ",,,,2
505,2,Four,1903,July,"July,1903",100,0,,,,,2
506,1,1903 Florida hurricane,1903,September,"September,1903",90,,"$500,000.00 ",,,,1
507,3,Becky,1903,November,"November,1903",115,,,,,,3
508,3,Ella,1903,July,"July,1903",125,1,,,,,3
509,3,Ellen,1903,September,"September,1903",115,,,,,,3
510,1,One,1903,July,"July,1903",80,,,,,,1
511,1,Ten,1903,November,"November,1903",80,0,,,,,1
512,2,Seven,1904,October,"October,1904",110,0,"$1,000,000.00 ",,,,2
513,1,Two,1904,September,"September,1904",80,27,"$500,000.00 ",,,,1
514,2,Six,1904,June,"June,1904",100,42,"$28,000.00 ",,,,2
515,3,Belle,1904,September,"September,1904",120,12,,,,,3
516,3,Caroline,1904,June,"June,1904",115,2,,,,,3
517,3,Eloise,1904,September,"September,1904",125,80,,,,,3
518,2,Four,1904,September,"September,1904",100,0,,,,,2
519,1,Four,1904,October,"October,1904",80,,,,,,1
520,3,Frances,1904,October,"October,1904",115,,,,,,3
521,1,One,1904,June,"June,1904",80,,,,,,1
522,2,Three,1904,September,"September,1904",105,0,,,,,2
523,1,Three,1904,September,"September,1904",80,,,,,,1
524,1,Five,1906,September,"September,1906",90,7,"$2,000,000.00 ",,,,1
525,1,Eleven,1906,November,"November,1906",80,,,,,,1
526,3,Floyd,1906,November,"November,1906",115,,,,,,3
527,2,Fourteen,1906,September,"September,1906",110,69,,,,,2
528,3,Frances,1906,September,"September,1906",115,,,,,,3
529,2,Two,1906,November,"November,1906",105,0,,,,,2
530,3,Alicia,1908,July,"July,1908",115,21,"$8,490,000,000.00 ",,,,3
531,2,Five,1908,May,"May,1908",110,21,,,,,2
532,3,Irene,1908,May,"May,1908",120,,,,,,3
533,2,One,1908,July,"July,1908",110,0,,,,,2
534,1,Three,1908,July,"July,1908",80,,,,,,1
535,1,Two,1908,May,"May,1908",75,,,,,,1
538,3,Elena,1911,August,"August,1911",125,9,"$1,300,000,000.00 ",,,,3
539,2,Two,1911,August,"August,1911",100,1,"$1,450,000.00 ",,,,2
540,1,Two,1911,August,"August,1911",80,,"$12,600.00 ",,,,1
541,1,Four,1912,September,"September,1912",90,,"$39,000.00 ",,,,1
542,2,Four,1912,September,"September,1912",110,0,,,,,2
543,3,Emily,1912,October,"October,1912",125,3,,,,,3
544,1,Five,1912,October,"October,1912",90,,,,,,1
545,3,Kate,1912,September,"September,1912",120,15,,,,,3
546,2,Two,1912,October,"October,1912",105,0,,,,,2
547,1,Four,1913,August,"August,1913",85,5,"$4,000,000.00 ",,,,1
548,2,Four,1913,June,"June,1913",110,89,,,,,2
549,2,Four,1913,October,"October,1913",110,0,,,,,2
550,1,Five,1913,October,"October,1913",75,,"$75,000.00 ",,,,1
551,2,Five,1913,August,"August,1913",105,0,,,,,2
552,3,Bob,1913,August,"August,1913",115,17,,,,,3
553,2,Eight,1913,October,"October,1913",105,0,,,,,2
554,3,Emily,1913,October,"October,1913",115,3,,,,,3
555,3,Gustav,1913,June,"June,1913",120,0,,,,,3
556,3,Marilyn,1913,October,"October,1913",115,12,,,,,3
557,1,One,1913,June,"June,1913",75,0,,,,,1
558,1,Six,1913,October,"October,1913",75,0,,,,,1
559,1,One,1915,July,"July,1915",75,,"$250,000.00 ",,,,1
560,2,One,1915,July,"July,1915",105,2,"$235,000.00 ",,,,2
561,4,Galveston,1915,August,"August,1915",,,,,,,4
562,4,New Orleans,1915,September,"September,1915",,,,,,,4
563,3,Roxanne,1915,July,"July,1915",115,29,,,,,3
564,3,Bertha,1916,August,"August,1916",115,12,,,,,3
565,1,Eight,1916,August,"August,1916",80,,,,,,1
566,2,Fifteen,1916,September,"September,1916",100,0,,,,,2
567,3,Fran,1916,September,"September,1916",120,27,,,,,3
568,2,Seven,1916,August,"August,1916",100,2,,,,,2
569,1,Ten,1916,September,"September,1916",85,0,,,,,1
570,2,Two,1918,August,"August,1918",110,35,"$7,500,000.00 ",,,,2
571,3,Isidore,1918,August,"August,1918",115,0,,,,,3
572,1,Three,1918,August,"August,1918",75,0,,,,,1
573,4,Florida Keys,1919,September,"September,1919",,,,,,,4
574,2,One,1920,September,"September,1920",100,,"$4,400,000.00 ",,,,2
575,3,Erika,1920,September,"September,1920",125,2,,,,,3
576,1,Five,1920,September,"September,1920",85,1,,,,,1
577,3,Lili,1920,September,"September,1920",115,22,,,,,3
578,2,Thirteen,1920,September,"September,1920",110,67,,,,,2
579,1,Three,1920,September,"September,1920",85,1,,,,,1
580,1,Two,1921,September,"September,1921",80,215,"$19,000,000.00 ",,,,1
581,2,Seven,1921,September,"September,1921",105,19,"$5,500,000.00 ",,,,2
582,2,Seven,1921,June,"June,1921",105,8,"$10,000.00 ",,,,2
583,3,Alberto,1921,September,"September,1921",125,0,,,,,3
584,3,Bonnie,1921,June,"June,1921",115,5,,,,,3
585,3,Erin,1921,September,"September,1921",120,,,,,,3
586,1,Four,1921,September,"September,1921",90,0,,,,,1
587,1,One,1921,June,"June,1921",90,0,,,,,1
588,4,Tampa Bay,1921,October,"October,1921",,,,,,,4
589,2,Ten,1921,September,"September,1921",100,0,,,,,2
590,2,Five,1922,September,"September,1922",105,4,"$200,000.00 ",,,,2
591,3,Felix,1922,September,"September,1922",115,,,,,,3
592,1,Three,1922,September,"September,1922",80,0,,,,,1
593,2,Fifteen,1923,October,"October,1923",105,0,,,,,2
594,1,Four,1923,September,"September,1923",80,0,,,,,1
595,3,Isidore,1923,September,"September,1923",125,22,,,,,3
596,3,Kate,1923,October,"October,1923",125,,,,,,3
597,1,Six,1923,October,"October,1923",80,0,,,,,1
598,2,Ten,1923,September,"September,1923",110,0,,,,,2
599,2,Four,1924,September,"September,1924",100,0,"$1,500,000.00 ",,,,2
600,5,Cuba,1924,October,"October,1924",165,90,,,,,5
601,3,Alex,1924,September,"September,1924",120,1,,,,,3
602,2,Eight,1924,November,"November,1924",100,0,,,,,2
603,1,Eleven,1924,November,"November,1924",80,,,,,,1
604,1,Five,1924,September,"September,1924",85,,,,,,1
605,3,Jeanne,1924,November,"November,1924",120,3037,,,,,3
606,2,Two,1925,August,"August,1925",100,7,"$10,750,000.00 ",,,,2
607,3,Maria,1925,August,"August,1925",115,3,,,,,3
608,1,One,1925,August,"August,1925",80,0,,,,,1
609,4,Miami,1926,September,"September,1926",,,,,,,4
610,4,Nassau,1926,July,"July,1926",,,,,,,4
617,2,Three,1927,September,"September,1927",100,52,"$13,000,000.00 ",,,,2
618,1,Three,1927,September,"September,1927",80,19,"$4,360,000.00 ",,,,1
619,2,Four,1927,September,"September,1927",110,7,"$4,000,000.00 ",,,,2
620,3,Beta,1927,September,"September,1927",115,9,,,,,3
621,3,Gordon,1927,September,"September,1927",120,,,,,,3
622,1,Two,1927,September,"September,1927",90,0,,,,,1
623,1,1928 Haiti hurricane,1928,August,"August,1928",90,210,"$2,000,000.00 ",,,,1
624,2,Five,1928,August,"August,1928",100,3,"$1,490,000.00 ",,,,2
625,5,San Felipe IIOkeechobee,1928,September,"September,1928",160,4000,,,,,5
626,3,Bertha,1928,September,"September,1928",125,3,,,,,3
627,3,Helene,1928,August,"August,1928",120,,,,,,3
628,2,Seven,1928,September,"September,1928",100,0,,,,,2
629,1,Six,1928,September,"September,1928",90,0,,,,,1
630,2,Eleven,1929,October,"October,1929",110,9,"$9,000,000.00 ",,,,2
631,1,One,1929,June,"June,1929",90,,"$365,000.00 ",,,,1
632,1,Five,1929,October,"October,1929",80,0,,,,,1
633,2,Four,1929,June,"June,1929",110,0,,,,,2
634,3,Fred,1929,June,"June,1929",120,,,,,,3
635,3,Karl,1929,October,"October,1929",125,22,,,,,3
638,4,San Zen√≥n,1930,,",1930",,,,,,,4
639,2,One,1931,September,"September,1931",105,19,"$17,000,000.00 ",,,,2
640,1,Eight,1931,September,"September,1931",75,0,,,,,1
641,3,Irene,1931,September,"September,1931",120,48,,,,,3
642,2,Six,1932,August,"August,1932",100,0,"$419,000.00 ",,,,2
643,1,1932 Florida‚ÄìAlabama hurricane,1932,August,"August,1932",85,,"$226,000.00 ",,,,1
644,5,Bahamas,1932,September,"September,1932",160,16,,,,,5
645,5,Camagey,1932,November,"November,1932",175,3103,,,,,5
646,3,Rina,1932,August,"August,1932",115,,,,,,3
647,4,San Cipri√°n,1932,,",1932",,,,,,,4
651,3,Sandy,1933,September,"September,1933",115,159,"$79,998,500,000.00 ",,,,3
652,1,Eighteen,1933,October,"October,1933",90,23,"$3,000,000.00 ",,,,1
653,2,One,1933,October,"October,1933",100,1,"$750,000.00 ",,,,2
654,1,1933 Florida‚ÄìMexico hurricane,1933,July,"July,1933",90,,"$500,000.00 ",,,,1
655,2,Nine,1933,July,"July,1933",110,0,"$300,000.00 ",,,,2
656,2,Nine,1933,September,"September,1933",100,0,,,,,2
657,5,Cuba Brownsville,1933,August,"August,1933",160,179,,,,,5
658,5,Tampico,1933,September,"September,1933",160,184,,,,,5
659,4,Chesapeake,1933,August,"August,1933",,,,,,,4
660,3,Edouard,1933,October,"October,1933",120,2,,,,,3
661,1,Fifteen,1933,September,"September,1933",75,0,,,,,1
662,3,Michael,1933,July,"July,1933",115,,,,,,3
663,4,Outer Banks,1933,September,"September,1933",,,,,,,4
664,4,Treasure Coast,1933,August,"August,1933",,,,,,,4
665,2,Six,1934,August,"August,1934",100,5,"$5,200,000.00 ",,,,2
666,2,Eleven,1934,July,"July,1934",100,5,"$2,000,000.00 ",,,,2
667,3,Danny,1934,July,"July,1934",125,,,,,,3
668,1,Five,1934,August,"August,1934",80,,,,,,1
669,2,Four,1934,July,"July,1934",100,0,,,,,2
670,3,Gaston,1934,July,"July,1934",115,,,,,,3
671,3,Otto,1934,August,"August,1934",115,23,,,,,3
672,1,Three,1934,July,"July,1934",85,,,,,,1
673,1,Two,1934,July,"July,1934",90,0,,,,,1
674,5,Labor Day,1935,September,"September,1935",185,408,,,,,5
675,1,1935 hurricane,1935,October,"October,1935",85,2150,,,,,1
676,2,Charlie,1935,October,"October,1935",110,48,,,,,2
677,3,Lee,1935,October,"October,1935",115,,,,,,3
678,3,Humberto,1936,August,"August,1936",125,2,"$25,000,000.00 ",,,,3
679,2,Eleven,1936,August,"August,1936",110,2,"$6,700,000.00 ",,,,2
680,1,Eleven,1936,August,"August,1936",80,0,,,,,1
681,2,King,1936,June,"June,1936",105,1,"$3,260,000.00 ",,,,2
682,1,Three,1936,June,"June,1936",80,,"$550,000.00 ",,,,1
683,2,One,1936,August,"August,1936",110,2,"$50,000.00 ",,,,2
684,1,Eight,1936,August,"August,1936",75,0,,,,,1
685,3,Epsilon,1936,August,"August,1936",115,1,,,,,3
686,3,Ophelia,1936,June,"June,1936",115,3,,,,,3
687,3,Zeta,1937,October,"October,1937",115,6,"$4,743,700,000.00 ",,,,3
688,2,Baker,1937,October,"October,1937",105,38,"$2,500,000.00 ",,,,2
689,1,Eleven,1937,October,"October,1937",80,0,,,,,1
690,5,New England,1938,September,"September,1938",160,682,,,,,5
691,3,Grace,1939,August,"August,1939",120,15,"$513,000,000.00 ",,,,3
692,3,Larry,1939,October,"October,1939",125,7,"$80,000,000.00 ",,,,3
693,1,Two,1939,August,"August,1939",75,0,$200.00 ,,,,1
694,2,Charlie,1939,August,"August,1939",110,0,,,,,2
695,2,George,1939,October,"October,1939",110,0,,,,,2
696,1,Six,1939,October,"October,1939",90,2,,,,,1
697,2,Item,1940,October,"October,1940",105,0,"$1,500,000.00 ",,,,2
698,1,Eight,1940,October,"October,1940",80,0,,,,,1
699,2,How,1941,September,"September,1941",100,17,"$2,000,000.00 ",,,,2
700,1,Three,1941,September,"September,1941",80,0,,,,,1
701,2,Able,1942,August,"August,1942",100,3,"$21,700,000.00 ",,,,2
702,1,Two,1942,August,"August,1942",80,0,"$790,000.00 ",,,,1
703,2,Alice,1944,September,"September,1944",110,56,"$2,000,000.00 ",,,,2
704,1,Three,1944,July,"July,1944",80,0,"$2,000,000.00 ",,,,1
705,2,Baker,1944,July,"July,1944",110,0,,,,,2
706,2,Easy,1944,July,"July,1944",105,0,,,,,2
707,1,Eight,1944,September,"September,1944",80,,,,,,1
708,4,Great Atlantic hurricane,1944,September,"September,1944",,,,,,,4
709,1,One,1944,July,"July,1944",80,0,,,,,1
710,2,Thirteen,1944,October,"October,1944",100,0,,,,,2
711,1,Twelve,1944,October,"October,1944",80,0,,,,,1
712,2,Diane,1945,October,"October,1945",105,184,"$754,000,000.00 ",,,,2
713,1,Ten,1945,October,"October,1945",90,1,,,,,1
717,2,Edith,1946,July,"July,1946",105,0,,,,,2
718,1,Two,1946,July,"July,1946",80,0,,,,,1
719,1,Three,1947,August,"August,1947",80,1,"$800,000.00 ",,,,1
720,2,Flora,1947,August,"August,1947",105,0,,,,,2
721,2,Greta,1948,November,"November,1948",100,1,"$3,580,000.00 ",,,,2
722,1,Five,1948,September,"September,1948",80,0,"$900,000.00 ",,,,1
723,2,Katie,1948,September,"September,1948",110,7,"$200,000.00 ",,,,2
724,1,Ten,1948,November,"November,1948",75,0,,,,,1
728,1,Ten,1949,September,"September,1949",80,15,"$1,012,000.00 ",,,,1
729,2,Ella,1949,September,"September,1949",110,37,"$100,000.00 ",,,,2
730,2,Ilsa,1949,October,"October,1949",110,0,,,,,2
731,1,Thirteen,1949,October,"October,1949",90,0,,,,,1
736,2,Janice,1950,October,"October,1950",100,9,"$200,000.00 ",,,,2
737,1,Love,1950,October,"October,1950",80,0,,,,,1
738,2,Edith,1951,September,"September,1951",100,10,"$46,600,000.00 ",,,,2
739,1,Dog,1951,August,"August,1951",90,7,"$3,000,000.00 ",,,,1
740,2,Daisy,1951,August,"August,1951",105,32,"$1,100,000.00 ",,,,2
741,2,Anna,1951,May,"May,1951",105,1,"$300,000.00 ",,,,2
742,1,Able,1951,May,"May,1951",90,0,,,,,1
743,4,Charlie,1951,August,"August,1951",,,,,,,4
744,2,Ella,1951,October,"October,1951",110,2,,,,,2
745,1,Jig,1951,October,"October,1951",75,0,,,,,1
746,1,Twelve,1951,September,"September,1951",80,0,,,,,1
747,4,Fox,1952,October,"October,1952",,,,,,,4
749,2,Ginny,1953,August,"August,1953",110,5,"$500,000.00 ",,,,2
751,2,Anna,1953,October,"October,1953",105,0,,,,,2
752,5,Carol,1953,September,"September,1953",160,5,,,,,5
753,1,Dolly,1953,September,"September,1953",75,0,,,,,1
754,2,Elena,1953,October,"October,1953",110,0,,,,,2
755,2,Ethel,1953,September,"September,1953",105,0,,,,,2
756,1,Gail,1953,October,"October,1953",80,0,,,,,1
757,1,Alice,1954,December,"December,1954",90,0,"$623,000.00 ",,,,1
758,2,Chloe,1954,August,"August,1954",110,14,,,,,2
759,1,Dolly,1954,August,"August,1954",85,0,,,,,1
762,1,Gladys,1955,September,"September,1955",90,0,"$500,000.00 ",,,,1
765,5,Janet,1955,September,"September,1955",175,1023,,,,,5
766,2,Laurie,1955,September,"September,1955",105,0,,,,,2
769,2,Ginger,1956,September,"September,1956",110,1,"$10,000,000.00 ",,,,2
770,1,Anna,1956,July,"July,1956",85,0,"$50,000.00 ",,,,1
771,2,Eighteen,1956,July,"July,1956",105,0,,,,,2
772,2,Betty,1957,September,"September,1957",105,0,,,,,2
773,4,Carrie,1957,September,"September,1957",,,,,,,4
774,1,Frieda,1957,September,"September,1957",85,0,,,,,1
775,2,Fifi,1958,September,"September,1958",110,8210,"$1,800,000,000.00 ",,,,2
776,1,Fifi,1958,September,"September,1958",85,0,,,,,1
778,1,Escuminac (Three),1959,June,"June,1959",85,35,"$2,500,000.00 ",,,,1
781,2,Doris,1959,June,"June,1959",110,0,,,,,2
782,2,Emmy,1959,July,"July,1959",105,68,,,,,2
783,2,Faye,1959,July,"July,1959",105,0,,,,,2
784,1,Flora,1959,September,"September,1959",75,0,,,,,1
785,2,Flossie,1959,October,"October,1959",100,0,,,,,2
786,2,Gloria,1959,September,"September,1959",105,0,,,,,2
788,1,Judith,1959,October,"October,1959",85,0,,,,,1
789,1,Abby,1960,July,"July,1960",80,6,"$640,000.00 ",,,,1
790,2,Bonnie,1960,August,"August,1960",100,0,,,,,2
791,1,Cleo,1960,August,"August,1960",85,0,,,,,1
799,2,Gloria,1960,July,"July,1960",100,0,,,,,2
800,1,Debbie,1961,September,"September,1961",90,78,"$50,000,000.00 ",,,,1
802,5,Esther,1961,September,"September,1961",160,7,,,,,5
803,5,Hattie,1961,October,"October,1961",165,319,,,,,5
804,2,Ivan,1961,September,"September,1961",105,0,,,,,2
805,2,Jeanne,1961,November,"November,1961",100,0,,,,,2
806,1,Jenny,1961,November,"November,1961",80,0,,,,,1
807,1,Alma,1962,August,"August,1962",85,1,"$1,000,000.00 ",,,,1
808,2,Gert,1962,August,"August,1962",105,0,,,,,2
809,2,Josephine,1962,November,"November,1962",105,1,,,,,2
810,1,Ten,1962,November,"November,1962",90,0,,,,,1
811,2,Dean,1963,September,"September,1963",105,0,"$8,900,000.00 ",,,,2
812,1,Debra,1963,September,"September,1963",75,0,,,,,1
813,2,Earl,1963,September,"September,1963",105,0,,,,,2
814,4,Flora,1963,October,"October,1963",,,,,,,4
815,1,Four,1963,September,"September,1963",80,0,,,,,1
818,2,Erin,1964,July,"July,1964",105,0,,,,,2
820,1,Three,1964,July,"July,1964",85,0,,,,,1
821,2,Diana,1965,September,"September,1965",100,139,"$90,700,000.00 ",,,,2
824,1,Carol,1965,September,"September,1965",90,0,,,,,1
825,1,Becky,1966,July,"July,1966",75,0,,,,,1
826,2,Bonnie,1966,July,"July,1966",110,1,,,,,2
827,1,Celia,1966,July,"July,1966",80,0,,,,,1
828,2,Charley,1966,November,"November,1966",110,0,,,,,2
829,1,Dorothy,1966,July,"July,1966",85,0,,,,,1
830,2,Grace,1966,July,"July,1966",105,0,,,,,2
832,2,Isidore,1966,July,"July,1966",100,0,,,,,2
833,1,Lois,1966,November,"November,1966",80,0,,,,,1
834,2,Erin,1967,October,"October,1967",100,13,"$700,000,000.00 ",,,,2
835,2,Gert,1967,August,"August,1967",100,116,"$170,000,000.00 ",,,,2
836,1,Doria,1967,September,"September,1967",85,3,"$150,000.00 ",,,,1
837,1,Arlene,1967,August,"August,1967",85,0,,,,,1
839,1,Fern,1967,October,"October,1967",85,3,,,,,1
840,2,Florence,1967,September,"September,1967",110,0,,,,,2
841,1,Heidi,1967,October,"October,1967",90,0,,,,,1
842,2,Humberto,1967,October,"October,1967",110,0,,,,,2
843,2,Earl,1968,August,"August,1968",100,3,"$79,000,000.00 ",,,,2
845,1,Abby,1968,June,"June,1968",75,6,"$450,000.00 ",,,,1
846,2,Danielle,1968,June,"June,1968",105,0,"$50,000.00 ",,,,2
847,1,Brenda,1968,June,"June,1968",75,0,,,,,1
848,1,Dolly,1968,August,"August,1968",80,0,,,,,1
849,2,Iris,1968,June,"June,1968",110,5,,,,,2
850,2,Jeanne,1968,October,"October,1968",105,0,,,,,2
851,2,Irene,1969,September,"September,1969",110,18,"$800,000,000.00 ",,,,2
852,2,Dennis,1969,September,"September,1969",105,4,"$157,000,000.00 ",,,,2
853,1,Martha,1969,November,"November,1969",90,5,"$30,000,000.00 ",,,,1
854,2,Jose,1969,October,"October,1969",100,3,"$5,000,000.00 ",,,,2
855,1,Blanche,1969,August,"August,1969",85,0,,,,,1
859,1,Holly,1969,September,"September,1969",85,0,,,,,1
860,2,Karl,1969,August,"August,1969",105,0,,,,,2
861,2,Michael,1969,November,"November,1969",110,0,,,,,2
862,1,Seventeen,1969,October,"October,1969",75,0,,,,,1
863,1,Ten,1969,September,"September,1969",75,0,,,,,1
864,2,Gustav,1970,October,"October,1970",100,4,"$340,000.00 ",,,,2
865,1,Alma,1970,May,"May,1970",75,8,,,,,1
867,2,Humberto,1970,May,"May,1970",105,0,,,,,2
868,1,Nineteen,1970,October,"October,1970",80,0,,,,,1
869,2,Dolly,1971,September,"September,1971",100,26,"$1,600,000,000.00 ",,,,2
870,2,Juan,1971,August,"August,1971",110,8,"$200,000,000.00 ",,,,2
872,1,Beth,1971,August,"August,1971",85,1,"$5,100,000.00 ",,,,1
873,1,Irene,1971,September,"September,1971",80,3,"$1,000,000.00 ",,,,1
874,2,Irene,1971,September,"September,1971",105,1,,,,,2
875,2,Danielle,1971,August,"August,1971",110,0,,,,,2
877,1,Two,1971,August,"August,1971",85,0,,,,,1
880,2,Ida,1972,June,"June,1972",105,4,"$11,400,000.00 ",,,,2
881,2,Alex,1972,September,"September,1972",110,52,"$1,520,000.00 ",,,,2
882,1,Dawn,1972,September,"September,1972",80,0,,,,,1
883,2,Richard,1973,August,"August,1973",100,2,"$80,000,000.00 ",,,,2
884,2,Tomas,1973,October,"October,1973",100,51,"$4,634,000.00 ",,,,2
885,1,Alice,1973,July,"July,1973",90,0,,,,,1
886,1,Brenda,1973,August,"August,1973",90,10,,,,,1
887,1,Fran,1973,October,"October,1973",80,0,,,,,1
888,2,Paula,1973,July,"July,1973",105,1,,,,,2
889,2,Ernesto,1974,September,"September,1974",100,12,"$252,200,000.00 ",,,,2
891,1,Gertrude,1974,September,"September,1974",75,0,,,,,1
892,1,Blanche,1975,July,"July,1975",85,0,"$6,200,000.00 ",,,,1
893,2,Gordon,1975,July,"July,1975",110,0,,,,,2
894,2,Arthur,1976,October,"October,1976",100,1,"$28,600,000.00 ",,,,2
895,1,Candice,1976,August,"August,1976",90,0,,,,,1
896,1,Holly,1976,October,"October,1976",75,0,,,,,1
897,2,Kirk,1976,August,"August,1976",105,0,,,,,2
899,2,Katia,1977,September,"September,1977",105,3,"$3,260,000.00 ",,,,2
900,5,Anita,1977,September,"September,1977",175,11,,,,,5
901,2,Chris,1977,September,"September,1977",105,1,,,,,2
902,1,Clara,1977,September,"September,1977",75,0,,,,,1
903,1,Dorothy,1977,September,"September,1977",85,0,,,,,1
904,1,Evelyn,1977,October,"October,1977",80,0,,,,,1
905,2,Gert,1977,September,"September,1977",110,2,,,,,2
906,2,Helene,1977,October,"October,1977",110,3,,,,,2
907,1,Kendra,1978,October,"October,1978",80,1,"$6,000,000.00 ",,,,1
908,1,Cora,1978,August,"August,1978",90,1,,,,,1
909,4,Greta,1978,September,"September,1978",,,,,,,4
910,2,Jerry,1978,October,"October,1978",105,0,,,,,2
911,2,Oscar,1978,August,"August,1978",110,0,,,,,2
912,2,Sally,1979,September,"September,1979",110,5,"$7,928,700,000.00 ",,,,2
913,2,Paulette,1979,July,"July,1979",105,1,"$50,000,000.00 ",,,,2
920,1,Henri,1979,September,"September,1979",85,0,,,,,1
922,1,Charley,1980,August,"August,1980",80,7,,,,,1
923,1,Earl,1980,September,"September,1980",75,0,,,,,1
924,1,Georges,1980,September,"September,1980",80,0,,,,,1
925,1,Karl,1980,November,"November,1980",85,0,,,,,1
926,1,Dennis,1981,August,"August,1981",80,0,"$15,000,000.00 ",,,,1
927,1,Emily,1981,August,"August,1981",90,0,,,,,1
928,1,Katrina,1981,November,"November,1981",85,2,,,,,1
929,1,Alberto,1982,June,"June,1982",85,23,"$85,000,000.00 ",,,,1
930,1,Barry,1983,August,"August,1983",80,0,,,,,1
931,1,Chantal,1983,September,"September,1983",75,0,,,,,1
932,1,Klaus,1984,November,"November,1984",90,2,"$152,000,000.00 ",,,,1
934,1,Hortense,1984,September,"September,1984",75,0,,,,,1
935,1,Lili,1984,December,"December,1984",80,0,,,,,1
944,1,Claudette,1985,August,"August,1985",85,0,,,,,1
947,1,Frances,1986,November,"November,1986",85,0,,,,,1
949,1,Arlene,1987,August,"August,1987",75,0,"$8,000.00 ",,,,1
951,1,Debby,1988,August,"August,1988",75,20,,,,,1
952,5,Gilbert,1988,September,"September,1988",185,318,,,,,5
953,4,Joan,1988,October,"October,1988",,,,,,,4
958,1,Felix,1989,August,"August,1989",85,0,,,,,1
959,1,Bertha,1990,July,"July,1990",80,9,"$3,910,000.00 ",,,,1
960,1,Klaus,1990,October,"October,1990",80,11,"$1,000,000.00 ",,,,1
961,1,Josephine,1990,September,"September,1990",85,0,,,,,1
962,1,Lili,1990,October,"October,1990",75,0,,,,,1
963,1,Nana,1990,October,"October,1990",85,0,,,,,1
964,1,1991 Perfect Storm,1991,October,"October,1991",75,13,"$200,000,000.00 ",,,,1
967,1,Frances,1992,October,"October,1992",85,0,,,,,1
968,1,Floyd,1993,September,"September,1993",75,0,,,,,1
969,1,Harvey,1993,September,"September,1993",75,0,,,,,1
970,1,Gordon,1994,November,"November,1994",85,1152,"$594,000,000.00 ",,,,1
971,1,Chris,1994,August,"August,1994",80,0,,,,,1
974,1,Allison,1995,June,"June,1995",75,1,"$1,700,000.00 ",,,,1
975,4,Luis,1995,September,"September,1995",,,,,,,4
976,1,Noel,1995,September,"September,1995",75,0,,,,,1
977,1,Tanya,1995,October,"October,1995",85,1,,,,,1
978,1,Marco,1996,November,"November,1996",75,13,"$3,885,000,000.00 ",,,,1
979,1,Cesar,1996,July,"July,1996",85,113,"$203,000,000.00 ",,,,1
980,1,Dolly,1996,August,"August,1996",80,14,,,,,1
981,4,Hortense,1996,September,"September,1996",,,,,,,4
984,1,Bill,1997,July,"July,1997",75,0,,,,,1
987,1,Ivan,1998,September,"September,1998",90,0,,,,,1
988,1,Lisa,1998,October,"October,1998",75,0,,,,,1
989,5,Mitch,1998,October,"October,1998",180,19325,,,,,5
990,1,Nicole,1998,November,"November,1998",85,0,,,,,1
993,4,Lenny,1999,November,"November,1999",,,,,,,4
994,1,Gordon,2000,September,"September,2000",80,26,"$10,800,000.00 ",,,,1
995,1,Debby,2000,August,"August,2000",85,1,"$7,350,000.00 ",,,,1
996,1,Florence,2000,September,"September,2000",80,3,,,,,1
997,1,Joyce,2000,September,"September,2000",90,0,,,,,1
998,4,Keith,2000,October,"October,2000",,,,,,,4
999,1,Gabrielle,2001,September,"September,2001",80,3,"$230,000,000.00 ",,,,1
1000,1,Karen,2001,October,"October,2001",80,0,"$1,400,000.00 ",,,,1
1001,4,Iris,2001,October,"October,2001",,,,,,,4
1002,4,Michelle,2001,November,"November,2001",,,,,,,4
1003,1,Noel,2001,November,"November,2001",75,0,,,,,1
1004,1,Olga,2001,November,"November,2001",90,0,,,,,1
1006,1,Kyle,2002,September,"September,2002",85,1,"$5,000,000.00 ",,,,1
1010,1,Erika,2003,August,"August,2003",75,2,"$100,000.00 ",,,,1
1011,1,Danny,2003,July,"July,2003",75,0,,,,,1
1019,1,Lisa,2004,September,"September,2004",75,0,,,,,1
1028,1,Stan,2005,October,"October,2005",80,1668,"$3,960,000,000.00 ",,,,1
1033,5,Emily,2005,July,"July,2005",160,17,,,,,5
1034,1,Epsilon,2005,November,"November,2005",85,0,,,,,1
1035,1,Nate,2005,September,"September,2005",90,2,,,,,1
1036,1,Philippe,2005,September,"September,2005",80,0,,,,,1
1037,1,Vince,2005,October,"October,2005",75,0,,,,,1
1038,1,Ernesto,2006,August,"August,2006",75,11,"$500,000,000.00 ",,,,1
1039,1,Florence,2006,September,"September,2006",90,0,"$20,000.00 ",,,,1
1040,1,Isaac,2006,September,"September,2006",85,0,,,,,1
1041,1,Noel,2007,October,"October,2007",80,222,"$580,000,000.00 ",,,,1
1042,1,Lorenzo,2007,September,"September,2007",80,6,"$92,000,000.00 ",,,,1
1045,5,Dean,2007,August,"August,2007",175,45,,,,,5
1046,5,Felix,2007,September,"September,2007",175,133,,,,,5
1047,1,Karen,2007,September,"September,2007",75,0,,,,,1
1050,1,Hanna,2008,August,"August,2008",85,537,"$160,000,000.00 ",,,,1
1051,1,Kyle,2008,September,"September,2008",85,8,"$57,000,000.00 ",,,,1
1052,4,Paloma,2008,November,"November,2008",,,,,,,4
1053,4,Bill,2009,August,"August,2009",,,,,,,4
1054,4,Earl,2010,August,"August,2010",,,,,,,4
1055,4,Igor,2010,September,"September,2010",,,,,,,4
1056,1,Lisa,2010,September,"September,2010",85,0,,,,,1
1057,1,Otto,2010,October,"October,2010",85,0,,,,,1
1058,1,Shary,2010,October,"October,2010",75,0,,,,,1
1059,1,Maria,2011,September,"September,2011",80,0,,,,,1
1060,1,Nate,2011,September,"September,2011",75,5,,,,,1
1061,1,Philippe,2011,September,"September,2011",90,0,,,,,1
1063,1,Chris,2012,June,"June,2012",85,0,,,,,1
1064,1,Leslie,2012,August,"August,2012",80,0,,,,,1
1065,1,Nadine,2012,September,"September,2012",90,0,,,,,1
1066,1,Humberto,2013,September,"September,2013",90,0,,,,,1
1067,1,Ingrid,2013,September,"September,2013",85,32,,,,,1
1068,1,Bertha,2014,August,"August,2014",80,0,,,,,1
1069,1,Cristobal,2014,August,"August,2014",85,7,,,,,1
1070,1,Fay,2014,October,"October,2014",80,0,,,,,1
1071,4,Gonzalo,2014,October,"October,2014",,,,,,,4
1072,1,Fred,2015,August,"August,2015",85,9,,,,,1
1073,4,Joaquin,2015,October,"October,2015",,,,,,,4
1074,1,Kate,2015,November,"November,2015",85,0,,,,,1
1079,1,Alex,2016,January,"January,2016",85,1,,,,,1
1080,1,Earl,2016,August,"August,2016",85,94,,,,,1
1083,5,Maria,2017,September,"September,2017",175,2981,"$103,500,000,000.00 ",,,,5
1085,1,Franklin,2017,August,"August,2017",85,0,,,,,1
1092,1,Beryl,2018,July,"July,2018",80,0,,,,,1
1093,1,Isaac,2018,September,"September,2018",75,0,,,,,1
1094,1,Leslie,2018,September,"September,2018",90,17,,,,,1
1097,5,Lorenzo,2019,September,"September,2019",160,19,,,,,5
1098,1,Pablo,2019,October,"October,2019",80,0,,,,,1
1105,4,Eta,2020,November,"November,2020",,,,,,,4
1106,1,Gamma,2020,October,"October,2020",75,6,,,,,1
1107,4,Iota,2020,November,"November,2020",,,,,,,4
1108,1,Marco,2020,August,"August,2020",75,1,,,,,1
1109,1,Nana,2020,September,"September,2020",75,0,,,,,1
1112,1,Elsa,2021,June,"June,2021",85,13,,,,,1
1113,1,Henri,2021,August,"August,2021",75,2,,,,,1
1114,4,Sam,2021,September,"September,2021",,,,,,,4
1115,2,Kara,1954,December,"December,1954 ‚Äì January 6, 1955",105,0,,,,,2