Index,Category,Name,Winds(MPH),Deaths, Actual Dollars ,Landfall,Month,Year,DateImpact
1193,1,Unnamed,,,,Texas,June,1851,25-Jun
1191,3,Unnamed,,,,Florida,August,1851,23-Aug
1192,1,Unnamed,,,,Georgia,August,1851,24-Aug
1025,5,Rita,180,119,"$26,455,100,000.00 ",Florida,September,2005,20-Sep
856,5,Camille,175,259,,Alabama,August,1969,18-Aug
1021,5,Katrina,175,1833,"$180,042,400,000.00 ",Florida,August,2005,25-Aug
1020,5,Katrina,175,1833,"$180,042,400,000.00 ",Alabama,August,2005,29-Aug
1008,5,Isabel,165,55,"$8,390,600,000.00 ",Virginia,September,2003,19-Sep
1076,5,Matthew,165,49,"$11,700,000,000.00 ",Georgia,October,2016,8-Oct
1077,5,Matthew,165,49,"$11,700,000,000.00 ",North Carolina,October,2016,8-Oct
14,3,Unnamed,115,,,Alabama,August,1852,26-Aug
1078,5,Matthew,165,49,"$11,700,000,000.00 ",South Carolina,October,2016,8-Oct
20,3,Unnamed,115,,,Mississippi,August,1852,26-Aug
954,5,Hugo,160,86,"$20,429,700,000.00 ",North Carolina,September,1989,22-Sep
1088,5,Michael,160,49,"$27,972,000,000.00 ",Alabama,October,2018,10-Oct
29,3,Unnamed,125,,,Texas,June,1854,26-Jun
26,3,Unnamed,125,,,Florida,September,1854,8-Sep
40,3,Unnamed,125,,,Alabama,August,1856,31-Aug
42,3,Unnamed,125,,,Georgia,August,1856,31-Aug
93,3,Unnamed,125,9,,Florida,August,1861,16-Aug
96,3,Unnamed,125,1,,Florida,August,1861,16-Aug
94,3,Unnamed,125,9,,North Carolina,September,1861,27-Sep
97,3,Unnamed,125,1,,North Carolina,September,1861,27-Sep
95,3,Unnamed,125,9,,North Carolina,November,1861,2-Nov
1284,1,Unnamed,,,,Georgia,October,1853,21-Oct
98,3,Unnamed,125,1,,North Carolina,November,1861,2-Nov
129,3,Unnamed,125,12,,South Carolina,June,1867,22-Jun
130,3,Unnamed,125,12,,Texas,October,1867,2-Oct
127,3,Unnamed,125,12,,Florida,October,1867,6-Oct
138,3,Unnamed,125,921,,Louisiana,September,1869,5-Sep
27,3,Unnamed,125,,,Georgia,September,1854,8-Sep
137,3,Unnamed,125,921,,Conneticut,September,1869,8-Sep
142,3,Unnamed,125,921,,New York,September,1869,8-Sep
143,3,Unnamed,125,921,,Rhode Island,September,1869,8-Sep
141,3,Unnamed,125,921,,Massachusetts,October,1869,4-Oct
1291,3,Unnamed,,,,Mississippi,August,1855,16-Aug
1290,3,Unnamed,,,,Louisiana,September,1855,16-Sep
334,3,Unnamed,125,175,,Alabama,September,1882,10-Sep
337,3,Unnamed,125,,,Alabama,September,1882,10-Sep
336,3,Unnamed,125,175,,Florida,October,1882,11-Oct
339,3,Unnamed,125,,,Florida,October,1882,11-Oct
343,3,Unnamed,125,10,,South Carolina,September,1883,11-Sep
368,3,Unnamed,125,7,,Florida,August,1885,24-Aug
376,3,Unnamed,125,,,Florida,August,1885,24-Aug
369,3,Unnamed,125,7,,Georgia,August,1885,25-Aug
377,3,Unnamed,125,,,Georgia,August,1885,25-Aug
424,3,Unnamed,125,,,Texas,June,1888,17-Jun
423,3,Unnamed,125,,,Mississippi,August,1888,20-Aug
133,3,Unnamed,120,,,South Carolina,June,1867,22-Jun
134,3,Unnamed,120,,,Texas,October,1867,2-Oct
1316,1,Unnamed,,,,North Carolina,September,1857,13-Sep
131,3,Unnamed,120,,,Florida,October,1867,6-Oct
159,3,Unnamed,120,10,,Alabama,July,1870,30-Jul
160,3,Unnamed,120,10,,Florida,October,1870,9-Oct
161,3,Unnamed,120,10,,Florida,October,1870,20-Oct
170,3,Unnamed,120,200,,Florida,September,1871,6-Sep
173,3,Unnamed,120,28,,Florida,September,1871,6-Sep
197,3,Unnamed,120,149,,North Carolina,September,1874,24-Sep
200,3,Unnamed,120,5,,North Carolina,September,1874,24-Sep
203,3,Unnamed,120,,,North Carolina,September,1874,24-Sep
196,3,Unnamed,120,149,,Florida,September,1874,28-Sep
199,3,Unnamed,120,5,,Florida,September,1874,28-Sep
202,3,Unnamed,120,,,Florida,September,1874,28-Sep
198,3,Unnamed,120,149,,South Carolina,September,1874,28-Sep
201,3,Unnamed,120,5,,South Carolina,September,1874,28-Sep
204,3,Unnamed,120,,,South Carolina,September,1874,28-Sep
226,3,Unnamed,120,4000,,Louisiana,September,1877,18-Sep
230,3,Unnamed,120,400,,Louisiana,September,1877,18-Sep
223,3,Unnamed,120,4000,,Florida,September,1877,19-Sep
227,3,Unnamed,120,400,,Florida,September,1877,19-Sep
225,3,Unnamed,120,4000,,Georgia,October,1877,3-Oct
229,3,Unnamed,120,400,,Georgia,October,1877,3-Oct
249,3,Unnamed,120,34,,Georgia,September,1878,11-Sep
257,3,Unnamed,120,34,,Georgia,September,1878,11-Sep
265,3,Unnamed,120,1,,Georgia,September,1878,11-Sep
253,3,Unnamed,120,34,,South Carolina,September,1878,12-Sep
261,3,Unnamed,120,34,,South Carolina,September,1878,12-Sep
269,3,Unnamed,120,1,,South Carolina,September,1878,12-Sep
247,3,Unnamed,120,34,,Deleware,October,1878,23-Oct
255,3,Unnamed,120,34,,Deleware,October,1878,23-Oct
77,3,Unnamed,115,84,,Louisiana,August,1860,11-Aug
263,3,Unnamed,120,1,,Deleware,October,1878,23-Oct
80,3,Unnamed,115,84,,Mississippi,August,1860,12-Aug
250,3,Unnamed,120,34,,Maryland,October,1878,23-Oct
258,3,Unnamed,120,34,,Maryland,October,1878,23-Oct
266,3,Unnamed,120,1,,Maryland,October,1878,23-Oct
251,3,Unnamed,120,34,,New Jersey,October,1878,23-Oct
259,3,Unnamed,120,34,,New Jersey,October,1878,23-Oct
267,3,Unnamed,120,1,,New Jersey,October,1878,23-Oct
254,3,Unnamed,120,34,,Virginia,October,1878,23-Oct
262,3,Unnamed,120,34,,Virginia,October,1878,23-Oct
270,3,Unnamed,120,1,,Virginia,October,1878,23-Oct
277,3,Unnamed,120,26,,Massachusetts,August,1879,19-Aug
283,3,Unnamed,120,,,Massachusetts,August,1879,19-Aug
302,3,Unnamed,120,34,,North Carolina,September,1880,9-Sep
306,3,Unnamed,120,2,,North Carolina,September,1880,9-Sep
310,3,Unnamed,120,,,North Carolina,September,1880,9-Sep
314,3,Unnamed,120,,,North Carolina,September,1880,9-Sep
318,3,Unnamed,120,,,North Carolina,September,1880,9-Sep
301,3,Unnamed,120,34,,Florida,October,1880,8-Oct
305,3,Unnamed,120,2,,Florida,October,1880,8-Oct
309,3,Unnamed,120,,,Florida,October,1880,8-Oct
313,3,Unnamed,120,,,Florida,October,1880,8-Oct
317,3,Unnamed,120,,,Florida,October,1880,8-Oct
326,3,Unnamed,120,55,,South Carolina,August,1881,28-Aug
360,3,Unnamed,120,10,,Florida,August,1885,24-Aug
372,3,Unnamed,120,,,Florida,August,1885,24-Aug
361,3,Unnamed,120,10,,Georgia,August,1885,25-Aug
373,3,Unnamed,120,,,Georgia,August,1885,25-Aug
386,3,Unnamed,120,,,Georgia,June,1886,21-Jun
387,3,Unnamed,120,,,Georgia,June,1886,30-Jun
385,3,Unnamed,120,,,Florida,July,1886,18-Jul
392,3,Unnamed,120,,,Texas,September,1886,23-Sep
407,3,Unnamed,120,216,,Florida,July,1887,27-Jul
409,3,Unnamed,120,216,,North Carolina,August,1887,20-Aug
408,3,Unnamed,120,216,,Louisiana,October,1887,19-Oct
15,3,Unnamed,115,,,Florida,August,1852,26-Aug
16,3,Unnamed,115,,,Florida,September,1852,12-Sep
18,3,Unnamed,115,,,Georgia,October,1852,10-Oct
58,3,Unnamed,115,,,Conneticut,September,1858,16-Sep
59,3,Unnamed,115,,,Massachusetts,September,1858,16-Sep
60,3,Unnamed,115,,,New York,September,1858,16-Sep
61,3,Unnamed,115,,,Rhode Island,September,1858,16-Sep
70,3,Unnamed,115,,,Alabama,September,1859,16-Sep
1195,2,Unnamed,,,,Louisiana,September,1865,13-Sep
1196,1,Unnamed,,,,Texas,September,1865,13-Sep
1194,2,Unnamed,,,,Florida,October,1865,23-Oct
71,3,Unnamed,115,,,Florida,September,1859,16-Sep
72,3,Unnamed,115,,,Florida,October,1859,28-Oct
76,3,Unnamed,115,84,,Alabama,September,1860,16-Sep
90,3,Unnamed,115,46,,Florida,August,1861,16-Aug
99,3,Unnamed,115,,,Florida,August,1861,16-Aug
91,3,Unnamed,115,46,,North Carolina,September,1861,27-Sep
100,3,Unnamed,115,,,North Carolina,September,1861,27-Sep
92,3,Unnamed,115,46,,North Carolina,November,1861,2-Nov
101,3,Unnamed,115,,,North Carolina,November,1861,2-Nov
176,3,Unnamed,115,1,,Florida,September,1871,6-Sep
189,3,Unnamed,115,17,,Florida,September,1873,19-Sep
217,3,Unnamed,115,41,,North Carolina,September,1876,17-Sep
218,3,Unnamed,115,41,,Virginia,September,1876,17-Sep
241,3,Unnamed,115,200,,Georgia,September,1878,11-Sep
245,3,Unnamed,115,200,,South Carolina,September,1878,12-Sep
239,3,Unnamed,115,200,,Deleware,October,1878,23-Oct
242,3,Unnamed,115,200,,Maryland,October,1878,23-Oct
243,3,Unnamed,115,200,,New Jersey,October,1878,23-Oct
246,3,Unnamed,115,200,,Virginia,October,1878,23-Oct
329,3,Unnamed,115,25,,South Carolina,August,1881,28-Aug
364,3,Unnamed,115,8,,Florida,August,1885,24-Aug
140,3,Unnamed,125,921,,Massachusetts,September,1869,8-Sep
365,3,Unnamed,115,8,,Georgia,August,1885,25-Aug
411,3,Unnamed,115,3,,Florida,July,1887,27-Jul
413,3,Unnamed,115,3,,North Carolina,August,1887,20-Aug
412,3,Unnamed,115,3,,Louisiana,October,1887,19-Oct
465,4,Unnamed,,,,South Carolina,September,1894,27-Sep
466,4,Unnamed,,,,Virginia,September,1894,29-Sep
462,4,Unnamed,,,,Georgia,October,1894,9-Oct
459,4,Unnamed,,,,Conneticut,October,1894,10-Oct
463,4,Unnamed,,,,New York,October,1894,10-Oct
464,4,Unnamed,,,,Rhode Island,October,1894,10-Oct
616,4,Unnamed,,,,Mississippi,September,1926,21-Sep
614,4,Unnamed,,,,Florida,October,1926,21-Oct
637,4,Unnamed,,,,Texas,June,1929,28-Jun
648,4,Unnamed,,,,Alabama,September,1932,1-Sep
649,4,Unnamed,,,,Florida,September,1932,1-Sep
714,4,Unnamed,,,,Florida,June,1945,24-Jun
727,4,Unnamed,,,,Louisiana,September,1948,4-Sep
734,4,Unnamed,,,,North Carolina,August,1949,24-Aug
733,4,Unnamed,,,,Georgia,August,1949,27-Aug
764,4,Connie,,,,Virginia,August,1955,12-Aug
792,4,Donna,,,,Conneticut,September,1960,12-Sep
794,4,Donna,,,,Massachusetts,September,1960,12-Sep
797,4,Donna,,,,Rhode Island,September,1960,12-Sep
168,3,Unnamed,120,200,,Florida,August,1871,16-Aug
171,3,Unnamed,120,28,,Florida,August,1871,16-Aug
174,3,Unnamed,115,1,,Florida,August,1871,16-Aug
798,4,Donna,,,,Virginia,September,1960,12-Sep
937,4,Gloria,,11,"$2,242,900,000.00 ",Conneticut,September,1985,27-Sep
938,4,Gloria,,11,"$2,242,900,000.00 ",Maine,September,1985,27-Sep
939,4,Gloria,,11,"$2,242,900,000.00 ",New Hampshire,September,1985,27-Sep
940,4,Gloria,,11,"$2,242,900,000.00 ",New York,September,1985,27-Sep
972,4,Opal,,27,"$8,674,700,000.00 ",Alabama,October,1995,4-Oct
1005,4,Lili,,2,"$1,734,100,000.00 ",Louisiana,October,2002,3-Oct
1016,4,Charley,,35,"$2,399,300,000.00 ",North Carolina,August,2004,14-Aug
1017,4,Charley,,35,"$2,399,300,000.00 ",South Carolina,August,2004,14-Aug
1029,4,Dennis,,15,"$3,617,800,000.00 ",Alabama,July,2005,10-Jul
1091,4,Florence,,53,"$26,880,000,000.00 ",North Carolina,September,2018,14-Sep
1100,4,Laura,,42,"$25,304,500,000.00 ",Texas,August,2020,27-Aug
1095,5,Dorian,185,10,"$1,787,100,000.00 ",North Carolina,September,2019,6-Sep
1027,5,Rita,180,119,"$26,455,100,000.00 ",Texas,September,2005,24-Sep
915,5,David,175,2068,,Florida,September,1979,3-Sep
916,5,David,175,2068,,Georgia,September,1979,4-Sep
917,5,David,175,2068,,South Carolina,September,1979,4-Sep
831,5,Inez,165,756,,Florida,October,1966,8-Oct
1007,5,Isabel,165,55,"$8,390,600,000.00 ",North Carolina,September,2003,18-Sep
1075,5,Matthew,165,49,"$11,700,000,000.00 ",Florida,October,2016,7-Oct
876,5,Edith,160,37,,Louisiana,September,1971,16-Sep
1090,5,Michael,160,49,"$27,972,000,000.00 ",Georgia,October,2018,10-Oct
188,3,Unnamed,115,17,,Florida,October,1873,7-Oct
28,3,Unnamed,125,,,South Carolina,September,1854,8-Sep
30,3,Unnamed,125,,,Texas,September,1854,18-Sep
41,3,Unnamed,125,,,Florida,August,1856,31-Aug
128,3,Unnamed,125,12,,Louisiana,October,1867,4-Oct
144,3,Unnamed,125,921,,Texas,August,1869,17-Aug
139,3,Unnamed,125,921,,Maine,October,1869,4-Oct
342,3,Unnamed,125,10,,North Carolina,September,1883,11-Sep
370,3,Unnamed,125,7,,North Carolina,September,1885,25-Sep
378,3,Unnamed,125,,,North Carolina,September,1885,25-Sep
422,3,Unnamed,125,,,Louisiana,August,1888,19-Aug
421,3,Unnamed,125,,,Florida,October,1888,11-Oct
121,3,Unnamed,120,150,,Texas,July,1866,15-Jul
122,3,Unnamed,120,,,Texas,July,1866,15-Jul
132,3,Unnamed,120,,,Louisiana,October,1867,4-Oct
169,3,Unnamed,120,200,,Florida,August,1871,25-Aug
172,3,Unnamed,120,28,,Florida,August,1871,25-Aug
248,3,Unnamed,120,34,,Florida,September,1878,10-Sep
211,3,Unnamed,120,240,,Texas,September,1875,16-Sep
212,3,Unnamed,120,134,,Texas,September,1875,16-Sep
213,3,Unnamed,120,19,,Texas,September,1875,16-Sep
256,3,Unnamed,120,34,,Florida,September,1878,10-Sep
264,3,Unnamed,120,1,,Florida,September,1878,10-Sep
252,3,Unnamed,120,34,,North Carolina,October,1878,23-Oct
260,3,Unnamed,120,34,,North Carolina,October,1878,23-Oct
268,3,Unnamed,120,1,,North Carolina,October,1878,23-Oct
280,3,Unnamed,120,26,,Virginia,August,1879,18-Aug
286,3,Unnamed,120,,,Virginia,August,1879,18-Aug
275,3,Unnamed,120,26,,Louisiana,August,1879,23-Aug
281,3,Unnamed,120,,,Louisiana,August,1879,23-Aug
279,3,Unnamed,120,26,,Texas,August,1879,23-Aug
285,3,Unnamed,120,,,Texas,August,1879,23-Aug
300,3,Unnamed,120,34,,Florida,August,1880,29-Aug
304,3,Unnamed,120,2,,Florida,August,1880,29-Aug
308,3,Unnamed,120,,,Florida,August,1880,29-Aug
312,3,Unnamed,120,,,Florida,August,1880,29-Aug
224,3,Unnamed,120,4000,,Florida,October,1877,3-Oct
228,3,Unnamed,120,400,,Florida,October,1877,3-Oct
316,3,Unnamed,120,,,Florida,August,1880,29-Aug
324,3,Unnamed,120,55,,Georgia,August,1881,28-Aug
325,3,Unnamed,120,55,,North Carolina,September,1881,9-Sep
362,3,Unnamed,120,10,,North Carolina,September,1885,25-Sep
374,3,Unnamed,120,,,North Carolina,September,1885,25-Sep
388,3,Unnamed,120,,,Louisiana,June,1886,14-Jun
390,3,Unnamed,120,,,Texas,June,1886,14-Jun
383,3,Unnamed,120,,,Florida,June,1886,21-Jun
384,3,Unnamed,120,,,Florida,June,1886,30-Jun
393,3,Unnamed,120,,,Texas,October,1886,12-Oct
410,3,Unnamed,120,216,,Texas,September,1887,21-Sep
19,3,Unnamed,115,,,Louisiana,August,1852,25-Aug
17,3,Unnamed,115,,,Florida,October,1852,9-Oct
75,3,Unnamed,115,84,,Alabama,August,1860,12-Aug
78,3,Unnamed,115,84,,Louisiana,September,1860,15-Sep
81,3,Unnamed,115,84,,Mississippi,September,1860,15-Sep
79,3,Unnamed,115,84,,Louisiana,October,1860,2-Oct
175,3,Unnamed,115,1,,Florida,August,1871,25-Aug
216,3,Unnamed,115,41,,Florida,October,1876,20-Oct
240,3,Unnamed,115,200,,Florida,September,1878,10-Sep
244,3,Unnamed,115,200,,North Carolina,October,1878,23-Oct
327,3,Unnamed,115,25,,Georgia,August,1881,28-Aug
328,3,Unnamed,115,25,,North Carolina,September,1881,9-Sep
366,3,Unnamed,115,8,,North Carolina,September,1885,25-Sep
414,3,Unnamed,115,3,,Texas,September,1887,21-Sep
460,4,Unnamed,,,,Florida,September,1894,25-Sep
537,4,Unnamed,,,,Texas,September,1910,14-Sep
536,4,Unnamed,,,,Florida,October,1910,18-Oct
612,4,Unnamed,,,,Florida,July,1926,27-Jul
768,1,Flossy,90,15,"$24,900,000.00 ",Louisiana,September,1956,24-Sep
716,4,Unnamed,,,,Texas,August,1945,27-Aug
726,4,Unnamed,,,,Florida,October,1948,5-Oct
735,4,Unnamed,,,,Texas,October,1949,4-Oct
763,4,Connie,,,,North Carolina,August,1955,12-Aug
844,1,Gladys,85,11,"$18,700,000.00 ",Florida,October,1968,19-Oct
795,4,Donna,,,,New York,September,1960,12-Sep
796,4,Donna,,,,North Carolina,September,1960,12-Sep
816,4,Cleo,,,,Florida,August,1964,27-Aug
817,4,Dora,,,,Florida,September,1964,10-Sep
819,4,Hilda,,,,Louisiana,October,1964,3-Oct
933,4,Diana,,,,North Carolina,September,1984,13-Sep
985,4,Georges,,16,"$10,353,200,000.00 ",Florida,September,1998,25-Sep
986,4,Georges,,16,"$10,353,200,000.00 ",Mississippi,September,1998,29-Sep
991,4,Floyd,,77,"$10,969,900,000.00 ",North Carolina,September,1999,16-Sep
1014,4,Frances,,48,"$14,601,900,000.00 ",Florida,September,2004,5-Sep
1049,4,Gustav,,53,"$7,736,100,000.00 ",Louisiana,September,2008,1-Sep
278,3,Unnamed,120,26,,North Carolina,August,1879,18-Aug
284,3,Unnamed,120,,,North Carolina,August,1879,18-Aug
1048,4,Ike,,112,"$38,998,400,000.00 ",Texas,September,2008,13-Sep
1103,4,Delta,,5,"$3,125,300,000.00 ",Louisiana,October,2020,9-Oct
921,5,Allen,190,13,"$2,012,000,000.00 ",Texas,August,1980,10-Aug
1024,5,Wilma,185,35,"$26,980,000,000.00 ",Florida,October,2005,24-Oct
1026,5,Rita,180,119,"$26,455,100,000.00 ",Louisiana,September,2005,24-Sep
966,5,Andrew,175,61,"$54,270,000,000.00 ",Louisiana,August,1992,26-Aug
1022,5,Katrina,175,1833,"$180,042,400,000.00 ",Louisiana,August,2005,29-Aug
1023,5,Katrina,175,1833,"$180,042,400,000.00 ",Mississippi,August,2005,29-Aug
276,3,Unnamed,120,26,,Louisiana,September,1879,1-Sep
282,3,Unnamed,120,,,Louisiana,September,1879,1-Sep
1012,5,Ivan,165,57,"$30,545,800,000.00 ",Alabama,September,2004,16-Sep
1013,5,Ivan,165,57,"$30,545,800,000.00 ",Florida,September,2004,16-Sep
838,5,Beulah,160,59,,Texas,September,1967,20-Sep
461,4,Unnamed,,,,Florida,October,1894,9-Oct
303,3,Unnamed,120,34,,Texas,August,1880,13-Aug
307,3,Unnamed,120,2,,Texas,August,1880,13-Aug
311,3,Unnamed,120,,,Texas,August,1880,13-Aug
315,3,Unnamed,120,,,Texas,August,1880,13-Aug
319,3,Unnamed,120,,,Texas,August,1880,13-Aug
611,4,Unnamed,,,,Alabama,August,1926,21-Aug
615,4,Unnamed,,,,Louisiana,August,1926,26-Aug
636,4,Unnamed,,,,Florida,September,1929,28-Sep
715,4,Unnamed,,,,Florida,September,1945,15-Sep
777,4,Helene,,,,North Carolina,September,1958,27-Sep
822,4,Betsy,,,,Florida,September,1965,8-Sep
890,4,Carmen,,,,Louisiana,September,1974,8-Sep
919,4,Frederic,,,,Mississippi,September,1979,13-Sep
941,4,Gloria,,11,"$2,242,900,000.00 ",North Carolina,September,1985,27-Sep
973,4,Opal,,27,"$8,674,700,000.00 ",Florida,October,1995,4-Oct
992,4,Bret,,,,Texas,August,1999,23-Aug
1030,4,Dennis,,15,"$3,617,800,000.00 ",Florida,July,2005,10-Jul
1084,5,Irma,180,97,"$57,500,000,000.00 ",Florida,September,2017,10-Sep
955,5,Hugo,160,86,"$20,429,700,000.00 ",South Carolina,September,1989,22-Sep
43,3,Unnamed,125,,,Louisiana,August,1856,11-Aug
391,3,Unnamed,120,,,Texas,August,1886,20-Aug
674,5,Labor Day,185,408,,,September,1935,
952,5,Gilbert,185,318,,,September,1988,
989,5,Mitch,180,19325,,,October,1998,
645,5,Camagey,175,3103,,,November,1932,
765,5,Janet,175,1023,,,September,1955,
900,5,Anita,175,11,,,September,1977,
1045,5,Dean,175,45,,,August,2007,
1046,5,Felix,175,133,,,September,2007,
1083,5,Maria,175,2981,"$103,500,000,000.00 ",,September,2017,
600,5,Cuba,165,90,,,October,1924,
803,5,Hattie,165,319,,,October,1961,
34,4,Last Island,,,,,August,1856,
625,5,San Felipe IIOkeechobee,160,4000,,,September,1928,
644,5,Bahamas,160,16,,,September,1932,
657,5,Cuba Brownsville,160,179,,,August,1933,
658,5,Tampico,160,184,,,September,1933,
690,5,New England,160,682,,,September,1938,
752,5,Carol,160,5,,,September,1953,
802,5,Esther,160,7,,,September,1961,
1033,5,Emily,160,17,,,July,2005,
1097,5,Lorenzo,160,19,,,September,2019,
8,3,Coastal,125,26,,,September,1852,
10,3,Middle Gulf Coast,125,,,,September,1852,
31,3,San Narciso,125,811,,,August,1855,
335,3,Unnamed,125,175,,Florida,September,1882,10-Sep
338,3,Unnamed,125,,,Florida,September,1882,10-Sep
104,3,Unnamed,125,,,,October,1862,
107,3,Unnamed,125,106,,,September,1863,
116,3,Unnamed,125,,,,July,1864,
152,3,San Mag√≠n,125,703,,,September,1870,
177,3,Cedar Keys,125,202,,,October,1872,
293,3,San Pedro,125,80,,,September,1880,
399,3,Fox,125,11,,,December,1887,
445,3,Edna,125,27,,,October,1891,
455,3,Audrey,125,431,,,June,1893,
488,3,Alma,125,93,,,July,1901,
493,3,Gerda,125,,,,October,1901,
508,3,Ella,125,1,,,July,1903,
517,3,Eloise,125,80,,,September,1904,
538,3,Elena,125,9,"$1,300,000,000.00 ",,August,1911,
543,3,Emily,125,3,,,October,1912,
575,3,Erika,125,2,,,September,1920,
583,3,Alberto,125,0,,,September,1921,
595,3,Isidore,125,22,,,September,1923,
596,3,Kate,125,,,,October,1923,
626,3,Bertha,125,3,,,September,1928,
635,3,Karl,125,22,,,October,1929,
667,3,Danny,125,,,,July,1934,
678,3,Humberto,125,2,"$25,000,000.00 ",,August,1936,
692,3,Larry,125,7,"$80,000,000.00 ",,October,1939,
114,3,Unnamed,120,4,,,August,1864,
153,3,San Roque,120,4,,,October,1870,
363,3,Unnamed,120,10,,South Carolina,August,1885,25-Aug
367,3,Unnamed,115,8,,South Carolina,August,1885,25-Aug
371,3,Unnamed,125,7,,South Carolina,August,1885,25-Aug
375,3,Unnamed,120,,,South Carolina,August,1885,25-Aug
379,3,Unnamed,125,,,South Carolina,August,1885,25-Aug
154,3,Sea Islands,120,1000,,,October,1870,
185,3,Unnamed,120,9,,,September,1872,
348,3,Unnamed,120,2,,,September,1884,
394,3,Able,120,,,,November,1887,
400,3,Love,120,,,,October,1887,
427,3,Charlie,120,4,,,September,1889,
428,3,Easy,120,2,,,May,1889,
449,3,Betsy,120,36,,,October,1892,
451,3,Hilda,120,304,,,August,1892,
471,3,Hannah,120,,,,September,1897,
474,3,Beulah,120,,,,August,1898,
489,3,Debbie,120,,,,August,1901,
491,3,Faith,120,5,,,August,1901,
515,3,Belle,120,12,,,September,1904,
532,3,Irene,120,,,,May,1908,
545,3,Kate,120,15,,,September,1912,
555,3,Gustav,120,0,,,June,1913,
567,3,Fran,120,27,,,September,1916,
585,3,Erin,120,,,,September,1921,
601,3,Alex,120,1,,,September,1924,
605,3,Jeanne,120,3037,,,November,1924,
621,3,Gordon,120,,,,September,1927,
627,3,Helene,120,,,,August,1928,
634,3,Fred,120,,,,June,1929,
389,3,Unnamed,120,,,Louisiana,October,1886,12-Oct
641,3,Irene,120,48,,,September,1931,
660,3,Edouard,120,2,,,October,1933,
691,3,Grace,120,15,"$513,000,000.00 ",,August,1939,
2,3,Mobile,115,300,,,July,1851,
4,3,San Agapito,115,23,,,June,1851,
22,3,Southeastern,115,4,,,September,1853,
35,3,New England,115,12,,,August,1856,
44,3,San Marcos,115,1200,,,September,1857,
47,3,Central Florida,115,26,,,September,1858,
52,3,Nova Scotia,115,600,,,September,1858,
54,3,Santa Juana,115,27,,,August,1858,
64,3,Indianola,115,829,,,September,1859,
66,3,San Felipe,115,21,,,September,1859,
115,3,Unnamed,115,,,,October,1864,
149,3,Midnight Storm,115,34,,,October,1870,
182,3,San Ram√≥n,115,,,,September,1872,
349,3,Unnamed,115,,,,September,1884,
417,3,Able,115,11,,,September,1888,
429,3,Fox,115,,,,August,1889,
430,3,Jig,115,,,,June,1889,
439,3,Edna,115,,,,October,1890,
444,3,Carol,115,72,,,August,1891,
446,3,Florence,115,,,,July,1891,
469,3,Ethel,115,1,,,October,1897,
473,3,Arlene,115,,,,August,1898,
476,3,Isbell,115,7,,,September,1898,
420,3,Unnamed,125,,,Florida,August,1888,16-Aug
492,3,Francelia,115,271,,,September,1901,
500,3,Inga,115,,,,June,1902,
507,3,Becky,115,,,,November,1903,
509,3,Ellen,115,,,,September,1903,
516,3,Caroline,115,2,,,June,1904,
520,3,Frances,115,,,,October,1904,
526,3,Floyd,115,,,,November,1906,
528,3,Frances,115,,,,September,1906,
1292,1,Unnamed,,,,Louisiana,September,1889,23-Sep
530,3,Alicia,115,21,"$8,490,000,000.00 ",,July,1908,
552,3,Bob,115,17,,,August,1913,
554,3,Emily,115,3,,,October,1913,
556,3,Marilyn,115,12,,,October,1913,
563,3,Roxanne,115,29,,,July,1915,
564,3,Bertha,115,12,,,August,1916,
571,3,Isidore,115,0,,,August,1918,
577,3,Lili,115,22,,,September,1920,
584,3,Bonnie,115,5,,,June,1921,
591,3,Felix,115,,,,September,1922,
607,3,Maria,115,3,,,August,1925,
620,3,Beta,115,9,,,September,1927,
646,3,Rina,115,,,,August,1932,
651,3,Sandy,115,159,"$79,998,500,000.00 ",,September,1933,
662,3,Michael,115,,,,July,1933,
1198,1,Unnamed,,,,Texas,July,1891,5-Jul
1197,1,Unnamed,,,,Florida,August,1891,24-Aug
670,3,Gaston,115,,,,July,1934,
671,3,Otto,115,23,,,August,1934,
677,3,Lee,115,,,,October,1935,
685,3,Epsilon,115,1,,,August,1936,
686,3,Ophelia,115,3,,,June,1936,
687,3,Zeta,115,6,"$4,743,700,000.00 ",,October,1937,
333,2,Seven,110,0,,,August,1882,
346,2,Six,110,0,,,September,1884,
406,2,Two,110,0,,,December,1887,
437,2,Four,110,383,"$2,500,000.00 ",,October,1890,
442,2,Nine,110,,"$200,000.00 ",,October,1891,
479,2,Six,110,2,,,August,1898,
490,2,Eight,110,0,,,August,1901,
501,2,Three,110,0,,,June,1902,
512,2,Seven,110,0,"$1,000,000.00 ",,October,1904,
1117,1,Unnamed,,,,Conneticut,August,1893,24-Aug
1123,1,Unnamed,,,,New York,August,1893,24-Aug
1118,1,Unnamed,,,,Florida,August,1893,27-Aug
1119,3,Unnamed,,,,Georgia,August,1893,28-Aug
1124,1,Unnamed,,,,North Carolina,August,1893,28-Aug
1126,3,Unnamed,,,,South Carolina,August,1893,28-Aug
1120,2,Unnamed,,,,Louisiana,September,1893,7-Sep
1121,4,Unnamed,,,,Louisiana,October,1893,2-Oct
1122,2,Unnamed,,,,Mississippi,October,1893,2-Oct
1116,2,Unnamed,,,,Alabama,October,1893,3-Oct
1125,1,Unnamed,,,,North Carolina,October,1893,13-Oct
1127,3,Unnamed,,,,South Carolina,October,1893,13-Oct
1128,1,Unnamed,,,,Virginia,October,1893,13-Oct
527,2,Fourteen,110,69,,,September,1906,
531,2,Five,110,21,,,May,1908,
533,2,One,110,0,,,July,1908,
542,2,Four,110,0,,,September,1912,
548,2,Four,110,89,,,June,1913,
381,4,Indianola,,,,,August,1886,
549,2,Four,110,0,,,October,1913,
570,2,Two,110,35,"$7,500,000.00 ",,August,1918,
578,2,Thirteen,110,67,,,September,1920,
598,2,Ten,110,0,,,September,1923,
619,2,Four,110,7,"$4,000,000.00 ",,September,1927,
630,2,Eleven,110,9,"$9,000,000.00 ",,October,1929,
1331,1,Unnamed,,,,Texas,August,1895,30-Aug
1199,2,Unnamed,,,,Florida,July,1896,7-Jul
1202,1,Unnamed,,,,Massachusetts,September,1896,10-Sep
1204,1,Unnamed,,,,Rhode Island,September,1896,10-Sep
1200,3,Unnamed,,,,Florida,September,1896,29-Sep
1201,2,Unnamed,,,,Georgia,September,1896,29-Sep
1203,1,Unnamed,,,,North Carolina,September,1896,29-Sep
1205,1,Unnamed,,,,South Carolina,September,1896,29-Sep
1206,1,Unnamed,,,,Virginia,September,1896,30-Sep
1293,1,Unnamed,,,,Louisiana,September,1897,12-Sep
1294,1,Unnamed,,,,Texas,September,1897,13-Sep
633,2,Four,110,0,,,June,1929,
655,2,Nine,110,0,"$300,000.00 ",,July,1933,
676,2,Charlie,110,48,,,October,1935,
679,2,Eleven,110,2,"$6,700,000.00 ",,August,1936,
683,2,One,110,2,"$50,000.00 ",,August,1936,
694,2,Charlie,110,0,,,August,1939,
1207,1,Unnamed,,,,Florida,August,1898,3-Aug
1209,1,Unnamed,,,,Georgia,August,1898,31-Aug
1211,1,Unnamed,,,,South Carolina,August,1898,31-Aug
1208,2,Unnamed,,,,Florida,October,1898,2-Oct
1210,4,Unnamed,,,,Georgia,October,1898,2-Oct
695,2,George,110,0,,,October,1939,
703,2,Alice,110,56,"$2,000,000.00 ",,September,1944,
705,2,Baker,110,0,,,July,1944,
723,2,Katie,110,7,"$200,000.00 ",,September,1948,
729,2,Ella,110,37,"$100,000.00 ",,September,1949,
402,2,Seven,,0,,,November,1887,
730,2,Ilsa,110,0,,,October,1949,
744,2,Ella,110,2,,,October,1951,
749,2,Ginny,110,5,"$500,000.00 ",,August,1953,
754,2,Elena,110,0,,,October,1953,
1212,2,Unnamed,,,,Florida,August,1899,1-Aug
1213,3,Unnamed,,,,North Carolina,August,1899,18-Aug
1214,2,Unnamed,,,,North Carolina,October,1899,31-Oct
1215,2,Unnamed,,,,South Carolina,October,1899,31-Oct
758,2,Chloe,110,14,,,August,1954,
1216,4,Unnamed,,,,Florida,August,1900,27-Aug
1217,4,Unnamed,,,,Texas,September,1900,9-Sep
769,2,Ginger,110,1,"$10,000,000.00 ",,September,1956,
1132,1,Unnamed,,,,North Carolina,July,1901,11-Jul
1130,1,Unnamed,,,,Louisiana,August,1901,14-Aug
1129,1,Unnamed,,,,Alabama,August,1901,15-Aug
1131,1,Unnamed,,,,Mississippi,August,1901,15-Aug
775,2,Fifi,110,8210,"$1,800,000,000.00 ",,September,1958,
781,2,Doris,110,0,,,June,1959,
826,2,Bonnie,110,1,,,July,1966,
828,2,Charley,110,0,,,November,1966,
840,2,Florence,110,0,,,September,1967,
842,2,Humberto,110,0,,,October,1967,
849,2,Iris,110,5,,,June,1968,
851,2,Irene,110,18,"$800,000,000.00 ",,September,1969,
861,2,Michael,110,0,,,November,1969,
870,2,Juan,110,8,"$200,000,000.00 ",,August,1971,
875,2,Danielle,110,0,,,August,1971,
881,2,Alex,110,52,"$1,520,000.00 ",,September,1972,
893,2,Gordon,110,0,,,July,1975,
905,2,Gert,110,2,,,September,1977,
906,2,Helene,110,3,,,October,1977,
911,2,Oscar,110,0,,,August,1978,
912,2,Sally,110,5,"$7,928,700,000.00 ",,September,1979,
0,2,Eight,105,,,,July,1851,
1189,1,Unnamed,,,,Florida,August,1903,11-Aug
1188,1,Unnamed,,,,Deleware,September,1903,16-Sep
1190,1,Unnamed,,,,New Jersey,September,1903,16-Sep
1,2,Five,105,,,,June,1851,
6,2,Four,105,4,"$20,000.00 ",,September,1852,
11,2,One,105,,,,September,1852,
13,2,Two,105,0,,,September,1852,
23,2,Two,105,424,,,September,1853,
24,2,Four,105,0,,,June,1854,
32,2,Three,105,0,,,August,1855,
36,2,One,105,0,,,September,1856,
37,2,Six,105,0,,,August,1856,
1219,1,Unnamed,,,,South Carolina,September,1904,14-Sep
1218,1,Unnamed,,,,Florida,October,1904,17-Oct
46,2,Two,105,0,,,September,1857,
49,2,Four,105,0,,,June,1858,
55,2,Six,105,,,,September,1858,
65,2,One,105,0,,,September,1859,
67,2,Seven,105,0,,,September,1859,
69,2,Three,105,0,,,October,1859,
74,2,Two,105,0,,,September,1860,
84,2,One,105,0,,,September,1861,
86,2,Three,105,0,,,August,1861,
87,2,Three,105,0,,,November,1861,
89,2,Two,105,0,,,September,1861,
456,4,Cheniere Caminada,,,,,August,1893,
1134,1,Unnamed,,,,Florida,June,1906,16-Jun
1139,1,Unnamed,,,,North Carolina,September,1906,17-Sep
1140,1,Unnamed,,,,South Carolina,September,1906,17-Sep
1133,2,Unnamed,,,,Alabama,September,1906,27-Sep
1135,2,Unnamed,,,,Florida,September,1906,27-Sep
1137,1,Unnamed,,,,Louisiana,September,1906,27-Sep
1138,2,Unnamed,,,,Mississippi,September,1906,27-Sep
1136,3,Unnamed,,,,Florida,October,1906,18-Oct
103,2,Four,105,0,,,October,1862,
106,2,Four,105,325,,,September,1863,
108,2,Seven,105,1,"$300,000.00 ",,July,1864,
111,2,One,105,,,,August,1864,
113,2,Two,105,,,,October,1864,
117,2,Four,105,8,,,September,1866,
1317,1,Unnamed,,,,North Carolina,July,1908,31-Jul
120,2,Two,105,13,,,September,1866,
125,2,Six,105,0,,,August,1867,
126,2,Three,105,0,,,June,1867,
136,2,Seven,105,,,,September,1869,
475,4,Georgia,,,,,0,1898,
148,2,Four,105,0,,,October,1870,
1223,2,Unnamed,,,,Texas,June,1909,29-Jun
1224,3,Unnamed,,,,Texas,July,1909,21-Jul
1225,1,Unnamed,,,,Texas,August,1909,27-Aug
1221,3,Unnamed,,,,Louisiana,September,1909,20-Sep
1222,2,Unnamed,,,,Mississippi,September,1909,21-Sep
1220,3,Unnamed,,,,Florida,October,1909,11-Oct
150,2,One,105,2,,,July,1870,
151,2,One,105,0,,,October,1870,
1226,1,Unnamed,,,,Florida,August,1911,11-Aug
1227,1,Unnamed,,,,Georgia,August,1911,28-Aug
1228,2,Unnamed,,,,South Carolina,August,1911,28-Aug
157,2,Three,105,0,,,September,1870,
158,2,Two,105,,,,October,1870,
164,2,Seven,105,0,,,September,1871,
1141,1,Unnamed,,,,Alabama,September,1912,14-Sep
1142,1,Unnamed,,,,Florida,September,1912,14-Sep
1143,2,Unnamed,,,,Texas,October,1912,16-Oct
166,2,Ten,105,37,,,September,1871,
483,4,San Ciriaco,,,,,0,1899,
484,4,Galveston,,,,,August,1900,
167,2,Two,105,0,,,October,1871,
179,2,Five,105,0,,,October,1872,
181,2,Nine,105,52,,,September,1872,
1320,1,Unnamed,,,,Texas,June,1913,27-Jun
1318,1,Unnamed,,,,North Carolina,September,1913,3-Sep
1319,1,Unnamed,,,,South Carolina,October,1913,8-Oct
183,2,Ten,105,0,,,September,1872,
187,2,Two,105,0,,,September,1873,
190,2,Five,105,0,,,August,1874,
191,2,Four,105,0,,,September,1874,
192,2,Seven,105,0,,,August,1874,
205,2,Five,105,9,,,September,1875,
206,2,Four,105,0,,,August,1875,
209,2,Six,105,0,,,October,1875,
214,2,Eleven,105,72,"$2,000,000.00 ",,September,1876,
219,2,Eight,105,0,,,September,1877,
221,2,Two,105,0,,,September,1877,
232,2,Five,105,700,,,August,1878,
1229,1,Unnamed,,,,Florida,August,1915,1-Aug
1231,1,Unnamed,,,,Louisiana,August,1915,17-Aug
1234,4,Unnamed,,,,Texas,August,1915,17-Aug
1230,1,Unnamed,,,,Florida,September,1915,4-Sep
1232,3,Unnamed,,,,Louisiana,September,1915,29-Sep
1233,2,Unnamed,,,,Mississippi,September,1915,29-Sep
233,2,Four,105,68,,,August,1878,
234,2,Four,105,8,,,October,1878,
236,2,Six,105,0,,,October,1878,
271,2,Two,105,25,"$1,800,000.00 ",,August,1879,
288,2,Eight,105,0,,,October,1880,
1144,2,Unnamed,,,,Alabama,July,1916,5-Jul
1146,2,Unnamed,,,,Florida,July,1916,5-Jul
1148,3,Unnamed,,,,Mississippi,July,1916,6-Jul
1149,2,Unnamed,,,,South Carolina,July,1916,14-Jul
1150,4,Unnamed,,,,Texas,August,1916,18-Aug
1145,2,Unnamed,,,,Alabama,October,1916,18-Oct
1147,2,Unnamed,,,,Florida,October,1916,18-Oct
320,2,Fifteen,105,0,,,August,1881,
340,2,Four,105,40,,,August,1883,
418,2,Five,105,,,,June,1888,
447,2,Four,105,0,,,August,1891,
452,2,Seven,105,0,,,October,1892,
468,2,Four,105,0,,,September,1897,
1151,1,Unnamed,,,,Alabama,September,1917,29-Sep
1152,3,Unnamed,,,,Florida,September,1917,29-Sep
1153,2,Unnamed,,,,Louisiana,September,1917,29-Sep
1295,3,Unnamed,,,,Louisiana,August,1918,7-Aug
1297,1,Unnamed,,,,Texas,August,1918,7-Aug
1296,1,Unnamed,,,,North Carolina,August,1918,24-Aug
481,2,Two,105,0,,,September,1898,
485,2,Twelve,105,198,"$10,000,000.00 ",,October,1901,
496,2,Nine,105,0,,,August,1901,
1235,4,Unnamed,,,,Florida,September,1919,10-Sep
1236,3,Unnamed,,,,Texas,September,1919,14-Sep
522,2,Three,105,0,,,September,1904,
1298,2,Unnamed,,,,Louisiana,September,1920,21-Sep
529,2,Two,105,0,,,November,1906,
546,2,Two,105,0,,,October,1912,
551,2,Five,105,0,,,August,1913,
553,2,Eight,105,0,,,October,1913,
560,2,One,105,2,"$235,000.00 ",,July,1915,
581,2,Seven,105,19,"$5,500,000.00 ",,September,1921,
1238,1,Unnamed,,,,Texas,June,1921,22-Jun
1237,3,Unnamed,,,,Florida,October,1921,25-Oct
582,2,Seven,105,8,"$10,000.00 ",,June,1921,
590,2,Five,105,4,"$200,000.00 ",,September,1922,
593,2,Fifteen,105,0,,,October,1923,
639,2,One,105,19,"$17,000,000.00 ",,September,1931,
681,2,King,105,1,"$3,260,000.00 ",,June,1936,
688,2,Baker,105,38,"$2,500,000.00 ",,October,1937,
697,2,Item,105,0,"$1,500,000.00 ",,October,1940,
706,2,Easy,105,0,,,July,1944,
712,2,Diane,105,184,"$754,000,000.00 ",,October,1945,
717,2,Edith,105,0,,,July,1946,
720,2,Flora,105,0,,,August,1947,
740,2,Daisy,105,32,"$1,100,000.00 ",,August,1951,
741,2,Anna,105,1,"$300,000.00 ",,May,1951,
1299,1,Unnamed,,,,Louisiana,October,1923,16-Oct
1300,1,Unnamed,,,,Mississippi,October,1923,16-Oct
751,2,Anna,105,0,,,October,1953,
755,2,Ethel,105,0,,,September,1953,
1115,2,Kara,105,0,,,December,1954,
766,2,Laurie,105,0,,,September,1955,
771,2,Eighteen,105,0,,,July,1956,
772,2,Betty,105,0,,,September,1957,
1241,1,Unnamed,,,,Massachusetts,August,1924,26-Aug
1242,1,Unnamed,,,,North Carolina,August,1924,26-Aug
1239,1,Unnamed,,,,Florida,September,1924,15-Sep
1240,1,Unnamed,,,,Florida,October,1924,21-Oct
782,2,Emmy,105,68,,,July,1959,
783,2,Faye,105,0,,,July,1959,
786,2,Gloria,105,0,,,September,1959,
804,2,Ivan,105,0,,,September,1961,
808,2,Gert,105,0,,,August,1962,
809,2,Josephine,105,1,,,November,1962,
811,2,Dean,105,0,"$8,900,000.00 ",,September,1963,
813,2,Earl,105,0,,,September,1963,
818,2,Erin,105,0,,,July,1964,
830,2,Grace,105,0,,,July,1966,
846,2,Danielle,105,0,"$50,000.00 ",,June,1968,
850,2,Jeanne,105,0,,,October,1968,
852,2,Dennis,105,4,"$157,000,000.00 ",,September,1969,
613,4,Unnamed,,,,Florida,September,1926,18-Sep
860,2,Karl,105,0,,,August,1969,
867,2,Humberto,105,0,,,May,1970,
874,2,Irene,105,1,,,September,1971,
880,2,Ida,105,4,"$11,400,000.00 ",,June,1972,
888,2,Paula,105,1,,,July,1973,
897,2,Kirk,105,0,,,August,1976,
561,4,Galveston,,,,,August,1915,
562,4,New Orleans,,,,,September,1915,
899,2,Katia,105,3,"$3,260,000.00 ",,September,1977,
901,2,Chris,105,1,,,September,1977,
1243,2,Unnamed,,,,Florida,August,1928,8-Aug
1244,4,Unnamed,,,,Florida,September,1928,17-Sep
1245,1,Unnamed,,,,Georgia,September,1928,18-Sep
1246,1,Unnamed,,,,South Carolina,September,1928,18-Sep
910,2,Jerry,105,0,,,October,1978,
913,2,Paulette,105,1,"$50,000,000.00 ",,July,1979,
51,2,Four,100,,,,September,1858,
56,2,Two,100,0,,,August,1858,
273,2,One,100,,,,October,1879,
287,2,Eight,100,0,,,September,1880,
290,2,Four,100,0,,,October,1880,
292,2,Nine,100,0,,,September,1880,
573,4,Florida Keys,,,,,September,1919,
297,2,Three,100,18,,,August,1880,
299,2,Two,100,0,,,August,1880,
322,2,Nine,100,14,,,August,1881,
331,2,Nine,100,0,,,September,1882,
344,2,Four,100,0,,,September,1884,
350,2,Five,100,0,,,September,1885,
351,2,Five,100,0,,,August,1885,
355,2,Seven,100,0,,,September,1885,
357,2,Six,100,0,,,September,1885,
359,2,Three,100,0,,,September,1885,
650,4,Unnamed,,,,Texas,August,1932,14-Aug
382,2,Two,100,,,,July,1886,
395,2,Eight,100,0,,,October,1887,
397,2,Five,100,0,,,September,1887,
401,2,Seven,100,5,,,October,1887,
588,4,Tampa Bay,,,,,October,1921,
415,2,One,100,1,"$100,000.00 ",,September,1888,
425,2,Five,100,4,"$500,000.00 ",,June,1889,
431,2,One,100,45,,,September,1889,
1247,1,Unnamed,,,,Florida,July,1933,30-Jul
1252,2,Unnamed,,,,Texas,August,1933,7-Aug
1249,1,Unnamed,,,,Maryland,August,1933,23-Aug
1250,1,Unnamed,,,,North Carolina,August,1933,23-Aug
1248,3,Unnamed,,,,Florida,September,1933,4-Sep
1253,3,Unnamed,,,,Texas,September,1933,5-Sep
1251,2,Unnamed,,,,North Carolina,September,1933,16-Sep
1254,1,Unnamed,,,,Virginia,September,1933,16-Sep
433,2,Six,100,0,,,August,1889,
434,2,Three,100,0,,,May,1889,
440,2,Two,100,7,"$1,000,000.00 ",,July,1891,
453,2,Three,100,0,,,August,1892,
458,2,Three,100,0,,,June,1893,
467,2,Four,100,57,"$9,000,000.00 ",,October,1897,
478,2,Seven,100,0,,,August,1898,
486,2,Two,100,0,"$1,300,000.00 ",,September,1901,
497,2,One,100,0,,,July,1901,
503,2,Three,100,17,"$27,400,000.00 ",,September,1903,
504,2,Four,100,10,"$2,000,000.00 ",,November,1903,
505,2,Four,100,0,,,July,1903,
514,2,Six,100,42,"$28,000.00 ",,June,1904,
518,2,Four,100,0,,,September,1904,
1301,2,Unnamed,,,,Louisiana,June,1934,16-Jun
1305,2,Unnamed,,,,Texas,July,1934,25-Jul
1302,1,Unnamed,,,,New Jersey,September,1934,8-Sep
1303,1,Unnamed,,,,New York,September,1934,8-Sep
1304,1,Unnamed,,,,North Carolina,September,1934,9-Sep
539,2,Two,100,1,"$1,450,000.00 ",,August,1911,
566,2,Fifteen,100,0,,,September,1916,
568,2,Seven,100,2,,,August,1916,
609,4,Miami,,,,,September,1926,
610,4,Nassau,,,,,July,1926,
574,2,One,100,,"$4,400,000.00 ",,September,1920,
589,2,Ten,100,0,,,September,1921,
599,2,Four,100,0,"$1,500,000.00 ",,September,1924,
602,2,Eight,100,0,,,November,1924,
1255,5,Unnamed,,,,Florida,September,1935,3-Sep
1285,1,"""Labor Day""",,,,Georgia,September,1935,5-Sep
1256,2,Unnamed,,,,Florida,November,1935,4-Nov
606,2,Two,100,7,"$10,750,000.00 ",,August,1925,
617,2,Three,100,52,"$13,000,000.00 ",,September,1927,
624,2,Five,100,3,"$1,490,000.00 ",,August,1928,
628,2,Seven,100,0,,,September,1928,
1259,1,Unnamed,,,,Texas,June,1936,27-Jun
1257,2,Unnamed,,,,Florida,July,1936,31-Jul
1258,1,Unnamed,,,,North Carolina,September,1936,18-Sep
1260,1,Unnamed,,,,Virginia,September,1936,18-Sep
642,2,Six,100,0,"$419,000.00 ",,August,1932,
653,2,One,100,1,"$750,000.00 ",,October,1933,
656,2,Nine,100,0,,,September,1933,
665,2,Six,100,5,"$5,200,000.00 ",,August,1934,
666,2,Eleven,100,5,"$2,000,000.00 ",,July,1934,
669,2,Four,100,0,,,July,1934,
699,2,How,100,17,"$2,000,000.00 ",,September,1941,
701,2,Able,100,3,"$21,700,000.00 ",,August,1942,
710,2,Thirteen,100,0,,,October,1944,
721,2,Greta,100,1,"$3,580,000.00 ",,November,1948,
736,2,Janice,100,9,"$200,000.00 ",,October,1950,
638,4,San Zen√≥n,,,,,0,1930,
1166,1,Unnamed,,,,Louisiana,August,1938,15-Aug
1165,3,Unnamed,,,,Conneticut,September,1938,21-Sep
1167,2,Unnamed,,,,Massachusetts,September,1938,21-Sep
1168,3,Unnamed,,,,New York,September,1938,21-Sep
1169,3,Unnamed,,,,Rhode Island,September,1938,21-Sep
738,2,Edith,100,10,"$46,600,000.00 ",,September,1951,
1261,1,Unnamed,,,,Florida,August,1939,11-Aug
785,2,Flossie,100,0,,,October,1959,
790,2,Bonnie,100,0,,,August,1960,
799,2,Gloria,100,0,,,July,1960,
805,2,Jeanne,100,0,,,November,1961,
821,2,Diana,100,139,"$90,700,000.00 ",,September,1965,
832,2,Isidore,100,0,,,July,1966,
1287,2,Unnamed,,,,Louisiana,August,1940,7-Aug
1289,2,Unnamed,,,,Texas,August,1940,8-Aug
1286,1,Unnamed,,,,Georgia,August,1940,11-Aug
1288,2,Unnamed,,,,South Carolina,August,1940,11-Aug
834,2,Erin,100,13,"$700,000,000.00 ",,October,1967,
647,4,San Cipri√°n,,,,,0,1932,
1263,3,Unnamed,,,,Texas,September,1941,23-Sep
1262,2,Unnamed,,,,Florida,October,1941,6-Oct
835,2,Gert,100,116,"$170,000,000.00 ",,August,1967,
843,2,Earl,100,3,"$79,000,000.00 ",,August,1968,
1332,1,Unnamed,,,,Texas,August,1942,21-Aug
1333,3,Unnamed,,,,Texas,August,1942,30-Aug
854,2,Jose,100,3,"$5,000,000.00 ",,October,1969,
864,2,Gustav,100,4,"$340,000.00 ",,October,1970,
1334,2,Unnamed,,,,Texas,July,1943,27-Jul
1175,1,Unnamed,,,,North Carolina,August,1944,1-Aug
1173,1,Unnamed,,,,New Jersey,September,1944,14-Sep
1176,2,Unnamed,,,,North Carolina,September,1944,14-Sep
1178,2,Unnamed,,,,Virginia,September,1944,14-Sep
1170,1,Unnamed,,,,Conneticut,September,1944,15-Sep
1172,1,Unnamed,,,,Massachusetts,September,1944,15-Sep
1174,2,Unnamed,,,,New York,September,1944,15-Sep
1177,2,Unnamed,,,,Rhode Island,September,1944,15-Sep
1171,4,Unnamed,,,,Florida,October,1944,19-Oct
869,2,Dolly,100,26,"$1,600,000,000.00 ",,September,1971,
883,2,Richard,100,2,"$80,000,000.00 ",,August,1973,
884,2,Tomas,100,51,"$4,634,000.00 ",,October,1973,
889,2,Ernesto,100,12,"$252,200,000.00 ",,September,1974,
659,4,Chesapeake,,,,,August,1933,
894,2,Arthur,100,1,"$28,600,000.00 ",,October,1976,
3,1,One,90,1,,,June,1851,
5,1,Two,90,0,,,July,1851,
663,4,Outer Banks,,,,,September,1933,
664,4,Treasure Coast,,,,,August,1933,
7,1,Four,90,0,,,September,1852,
48,1,Five,90,0,,,September,1858,
50,1,Four,90,0,,,September,1858,
62,1,Eight,90,,,,October,1859,
1264,1,Unnamed,,,,Florida,October,1946,8-Oct
88,1,Two,90,0,,,August,1861,
147,1,Five,90,0,,,September,1870,
1271,1,Unnamed,,,,Texas,August,1947,24-Aug
1265,4,Unnamed,,,,Florida,September,1947,17-Sep
1268,2,Unnamed,,,,Louisiana,September,1947,19-Sep
1269,2,Unnamed,,,,Mississippi,September,1947,19-Sep
1266,1,Unnamed,,,,Florida,October,1947,11-Oct
1267,2,Unnamed,,,,Georgia,October,1947,15-Oct
1270,2,Unnamed,,,,South Carolina,October,1947,15-Oct
193,1,Six,90,0,,,September,1874,
194,1,Three,90,0,,,August,1874,
215,1,One,90,0,,,September,1876,
725,4,Unnamed,,,,Florida,September,1948,21-Sep
237,1,Three,90,0,,,August,1878,
289,1,Five,90,0,,,August,1880,
294,1,Seven,90,0,,,September,1880,
296,1,Ten,90,0,,,October,1880,
298,1,Three,90,0,,,August,1880,
323,1,Three,90,0,,,August,1881,
732,4,Unnamed,,,,Florida,August,1949,26-Aug
341,1,One,90,0,,,August,1883,
347,1,Three,90,0,,,September,1884,
353,1,Four,90,4,,,September,1885,
354,1,One,90,0,,,August,1885,
356,1,Seven,90,0,,,September,1885,
438,1,Four,90,,,,October,1890,
1154,1,Baker,,,,Alabama,August,1950,31-Aug
1272,3,Easy,,,,Florida,September,1950,5-Sep
1273,4,King,,,,Florida,October,1950,18-Oct
448,1,One,90,10,,,July,1891,
450,1,Eight,90,0,,,October,1892,
487,1,1901 Louisiana hurricane,90,,,,August,1901,
506,1,1903 Florida hurricane,90,,"$500,000.00 ",,September,1903,
524,1,Five,90,7,"$2,000,000.00 ",,September,1906,
541,1,Four,90,,"$39,000.00 ",,September,1912,
544,1,Five,90,,,,October,1912,
586,1,Four,90,0,,,September,1921,
587,1,One,90,0,,,June,1921,
622,1,Two,90,0,,,September,1927,
623,1,1928 Haiti hurricane,90,210,"$2,000,000.00 ",,August,1928,
1330,2,Able,,,,South Carolina,August,1952,31-Aug
629,1,Six,90,0,,,September,1928,
748,1,Barbara,90,9,"$1,300,000.00 ",North Carolina,August,1953,14-Aug
1274,1,Florence,,,,Florida,September,1953,26-Sep
750,1,Hazel,85,0,"$250,000.00 ",Florida,October,1953,9-Oct
631,1,One,90,,"$365,000.00 ",,June,1929,
652,1,Eighteen,90,23,"$3,000,000.00 ",,October,1933,
654,1,1933 Florida‚ÄìMexico hurricane,90,,"$500,000.00 ",,July,1933,
673,1,Two,90,0,,,July,1934,
696,1,Six,90,2,,,October,1939,
713,1,Ten,90,1,,,October,1945,
731,1,Thirteen,90,0,,,October,1949,
1179,3,Carol,,,,Conneticut,August,1954,31-Aug
1180,2,Carol,,,,Massachusetts,August,1954,31-Aug
1181,3,Carol,,,,New York,August,1954,31-Aug
1182,1,Carol,,,,North Carolina,August,1954,31-Aug
1183,3,Carol,,,,Rhode Island,August,1954,31-Aug
1309,2,Edna,,,,Massachusetts,September,1954,11-Sep
1310,1,Edna,,,,New York,September,1954,11-Sep
1311,1,Edna,,,,North Carolina,September,1954,11-Sep
1312,1,Edna,,,,Rhode Island,September,1954,11-Sep
760,4,Hazel,,,,North Carolina,October,1954,15-Oct
761,4,Hazel,,,,South Carolina,October,1954,15-Oct
739,1,Dog,90,7,"$3,000,000.00 ",,August,1951,
742,1,Able,90,0,,,May,1951,
757,1,Alice,90,0,"$623,000.00 ",,December,1954,
708,4,Great Atlantic hurricane,,,,,September,1944,
762,1,Gladys,90,0,"$500,000.00 ",,September,1955,
800,1,Debbie,90,78,"$50,000,000.00 ",,September,1961,
1321,2,Ione,,,,North Carolina,September,1955,19-Sep
810,1,Ten,90,0,,,November,1962,
824,1,Carol,90,0,,,September,1965,
841,1,Heidi,90,0,,,October,1967,
767,1,Flossy,90,15,"$24,900,000.00 ",Florida,September,1956,24-Sep
853,1,Martha,90,5,"$30,000,000.00 ",,November,1969,
885,1,Alice,90,0,,,July,1973,
886,1,Brenda,90,10,,,August,1973,
895,1,Candice,90,0,,,August,1976,
1306,3,Audrey,,,,Louisiana,June,1957,27-Jun
1307,2,Audrey,,,,Texas,June,1957,27-Jun
908,1,Cora,90,1,,,August,1978,
927,1,Emily,90,0,,,August,1981,
932,1,Klaus,90,2,"$152,000,000.00 ",,November,1984,
987,1,Ivan,90,0,,,September,1998,
997,1,Joyce,90,0,,,September,2000,
1004,1,Olga,90,0,,,November,2001,
780,1,Cindy,75,6,"$75,000.00 ",South Carolina,July,1959,9-Jul
779,1,Debra,85,0,"$700,000.00 ",Texas,July,1959,25-Jul
787,4,Gracie,,,,South Carolina,September,1959,29-Sep
1035,1,Nate,90,2,,,September,2005,
1039,1,Florence,90,0,"$20,000.00 ",,September,2006,
1061,1,Philippe,90,0,,,September,2011,
1065,1,Nadine,90,0,,,September,2012,
1066,1,Humberto,90,0,,,September,2013,
1094,1,Leslie,90,17,,,September,2018,
380,1,Four,85,,,,July,1886,
398,1,Fourteen,85,0,,,October,1887,
793,4,Donna,,,,Florida,September,1960,10-Sep
743,4,Charlie,,,,,August,1951,
405,1,Thirteen,85,,,,October,1887,
443,1,Nine,85,,,,October,1891,
472,1,Two,85,29,,,September,1897,
747,4,Fox,,,,,October,1952,
482,1,Two,85,,,,August,1898,
1313,1,Ethel,,,,Mississippi,September,1960,15-Sep
547,1,Four,85,5,"$4,000,000.00 ",,August,1913,
569,1,Ten,85,0,,,September,1916,
576,1,Five,85,1,,,September,1920,
579,1,Three,85,1,,,September,1920,
801,4,Carla,,,,Texas,September,1961,11-Sep
604,1,Five,85,,,,September,1924,
643,1,1932 Florida‚ÄìAlabama hurricane,85,,"$226,000.00 ",,August,1932,
672,1,Three,85,,,,July,1934,
675,1,1935 hurricane,85,2150,,,October,1935,
759,1,Dolly,85,0,,,August,1954,
770,1,Anna,85,0,"$50,000.00 ",,July,1956,
774,1,Frieda,85,0,,,September,1957,
776,1,Fifi,85,0,,,September,1958,
778,1,Escuminac (Three),85,35,"$2,500,000.00 ",,June,1959,
788,1,Judith,85,0,,,October,1959,
791,1,Cleo,85,0,,,August,1960,
807,1,Alma,85,1,"$1,000,000.00 ",,August,1962,
820,1,Three,85,0,,,July,1964,
829,1,Dorothy,85,0,,,July,1966,
773,4,Carrie,,,,,September,1957,
836,1,Doria,85,3,"$150,000.00 ",,September,1967,
837,1,Arlene,85,0,,,August,1967,
1308,1,Ethel,,,,Louisiana,September,1964,15-Sep
839,1,Fern,85,3,,,October,1967,
1275,2,Isbell,,,,Florida,October,1964,14-Oct
855,1,Blanche,85,0,,,August,1969,
859,1,Holly,85,0,,,September,1969,
872,1,Beth,85,1,"$5,100,000.00 ",,August,1971,
823,4,Betsy,,,,Louisiana,September,1965,10-Sep
877,1,Two,85,0,,,August,1971,
892,1,Blanche,85,0,"$6,200,000.00 ",,July,1975,
1276,3,Alma,,,,Florida,June,1966,9-Jun
903,1,Dorothy,85,0,,,September,1977,
920,1,Henri,85,0,,,September,1979,
925,1,Karl,85,0,,,November,1980,
928,1,Katrina,85,2,,,November,1981,
929,1,Alberto,85,23,"$85,000,000.00 ",,June,1982,
944,1,Claudette,85,0,,,August,1985,
947,1,Frances,85,0,,,November,1986,
958,1,Felix,85,0,,,August,1989,
961,1,Josephine,85,0,,,September,1990,
963,1,Nana,85,0,,,October,1990,
967,1,Frances,85,0,,,October,1992,
970,1,Gordon,85,1152,"$594,000,000.00 ",,November,1994,
977,1,Tanya,85,1,,,October,1995,
979,1,Cesar,85,113,"$203,000,000.00 ",,July,1996,
990,1,Nicole,85,0,,,November,1998,
995,1,Debby,85,1,"$7,350,000.00 ",,August,2000,
1006,1,Kyle,85,1,"$5,000,000.00 ",,September,2002,
1034,1,Epsilon,85,0,,,November,2005,
1040,1,Isaac,85,0,,,September,2006,
814,4,Flora,,,,,October,1963,
1050,1,Hanna,85,537,"$160,000,000.00 ",,August,2008,
1051,1,Kyle,85,8,"$57,000,000.00 ",,September,2008,
1056,1,Lisa,85,0,,,September,2010,
1057,1,Otto,85,0,,,October,2010,
1063,1,Chris,85,0,,,June,2012,
1067,1,Ingrid,85,32,,,September,2013,
857,5,Camille,175,259,,Louisiana,August,1969,17-Aug
1069,1,Cristobal,85,7,,,August,2014,
858,5,Camille,175,259,,Mississippi,August,1969,18-Aug
1072,1,Fred,85,9,,,August,2015,
1074,1,Kate,85,0,,,November,2015,
1079,1,Alex,85,1,,,January,2016,
1080,1,Earl,85,94,,,August,2016,
1085,1,Franklin,85,0,,,August,2017,
1112,1,Elsa,85,13,,,June,2021,
9,1,Hurricane San Lorenzo of 1852,80,,,,September,1852,
12,1,Three,80,0,,,September,1852,
21,1,Six,80,0,,,September,1853,
25,1,One,80,0,,,June,1854,
866,4,Celia,,,,Texas,August,1970,3-Aug
33,1,Three,80,0,,,August,1855,
38,1,Six,80,0,,,September,1856,
39,1,Two,80,0,,,August,1856,
45,1,Three,80,0,,,September,1857,
871,1,Fern,90,2,"$30,200,000.00 ",Texas,September,1971,10-Sep
53,1,One,80,0,,,June,1858,
1322,1,Ginger,,,,North Carolina,September,1971,30-Sep
57,1,Two,80,0,,,August,1858,
63,1,Five,80,2,,,September,1859,
68,1,Three,80,0,,,September,1859,
73,1,Three,80,0,,,September,1860,
82,1,Five,80,0,,,September,1861,
83,1,Four,80,0,,,September,1861,
85,1,The Expedition Hurricane of 1861,80,0,,,November,1861,
878,1,Agnes,90,128,"$2,100,000,000.00 ",Florida,June,1972,19-Jun
879,1,Agnes,90,128,"$2,100,000,000.00 ",New York,June,1972,22-Jun
102,1,Five,80,3,,,October,1862,
105,1,Five,80,0,,,September,1863,
109,1,Five,80,0,,,October,1864,
110,1,One,80,0,,,July,1864,
112,1,Three,80,0,,,August,1864,
118,1,Four,80,0,,,September,1866,
119,1,Three,80,0,,,September,1866,
123,1,Four,80,0,,,August,1867,
124,1,One,80,0,,,June,1867,
135,1,Five,80,0,,,September,1869,
145,1,Eight,80,0,,,October,1870,
146,1,Eleven,80,0,,,October,1870,
1155,1,Eloise,,,,Alabama,September,1975,23-Sep
1156,3,Eloise,,,,Florida,September,1975,23-Sep
155,1,Seven,80,0,,,October,1870,
156,1,The Mobile Hurricane of 1870,80,,,,July,1870,
1314,1,Belle,,,,New York,August,1976,10-Aug
162,1,Eight,80,0,,,October,1871,
163,1,Seven,80,0,,,September,1871,
165,1,Six,80,0,,,September,1871,
178,1,Five,80,0,,,October,1872,
898,1,Babe,75,0,"$13,000,000.00 ",Louisiana,September,1977,5-Sep
180,1,Four,80,0,,,September,1872,
184,1,Three,80,0,,,September,1872,
186,1,Three,80,0,,,September,1873,
195,1,Two,80,0,,,August,1874,
207,1,One,80,0,,,August,1875,
208,1,Six,80,0,,,October,1875,
210,1,Two,80,0,,,September,1875,
220,1,Three,80,0,,,September,1877,
222,1,Two,80,0,,,September,1877,
231,1,Eight,80,27,,,October,1878,
235,1,Nine,80,0,,,October,1878,
238,1,Two,80,,,,August,1878,
272,1,One,80,0,,,August,1879,
274,1,Seven,80,0,,,October,1879,
291,1,Nine,80,0,,,October,1880,
295,1,Six,80,0,,,September,1880,
914,1,Bob,75,1,"$20,000,000.00 ",Louisiana,September,1979,11-Sep
918,4,Frederic,,,,Alabama,September,1979,13-Sep
321,1,Four,80,,,,August,1881,
330,1,Five,80,0,,,September,1882,
332,1,One,80,0,,,August,1882,
345,1,One,80,0,,,September,1884,
352,1,Five,80,0,,,September,1885,
358,1,Six,80,,,,September,1885,
396,1,Eighteen,80,0,,,December,1887,
403,1,Seventeen,80,0,,,November,1887,
404,1,Ten,80,0,,,September,1887,
416,1,One,80,,,,June,1888,
419,1,Six,80,,,,September,1888,
426,1,Five,80,0,,,September,1889,
432,1,One,80,0,,,May,1889,
1335,3,Alicia,,,,Texas,August,1983,18-Aug
435,1,Three,80,,,,August,1889,
441,1,Two,80,0,,,August,1891,
457,1,One,80,,,,June,1893,
470,1,Five,80,188,,,October,1897,
477,1,One,80,12,,,August,1898,
909,4,Greta,,,,,September,1978,
943,1,Bob,75,5,"$20,000,000.00 ",South Carolina,July,1985,25-Jul
942,1,Danny,90,5,"$100,000,000.00 ",Louisiana,August,1985,15-Aug
1158,3,Elena,,,,Florida,September,1985,1-Sep
1157,3,Elena,,,,Alabama,September,1985,2-Sep
1159,3,Elena,,,,Mississippi,September,1985,2-Sep
480,1,Three,80,0,,,September,1898,
494,1,Hurricane San Cirillo of 1901,80,,,,July,1901,
495,1,Hurricane San Vicente of 1901,80,,,,September,1901,
498,1,Six,80,0,,,August,1901,
499,1,Thirteen,80,0,,,October,1901,
936,1,Juan,85,63,"$3,906,500,000.00 ",Louisiana,October,1985,28-Oct
1277,2,Kate,,,,Florida,November,1985,21-Nov
1278,1,Kate,,,,Georgia,November,1985,22-Nov
502,1,Two,80,,,,June,1902,
945,1,Bonnie,85,5,"$42,000,000.00 ",Texas,June,1986,28-Jun
946,1,Charley,80,15,"$15,000,000.00 ",North Carolina,August,1986,17-Aug
510,1,One,80,,,,July,1903,
948,1,Floyd,75,1,"$500,000.00 ",Florida,October,1987,12-Oct
511,1,Ten,80,0,,,November,1903,
950,1,Florence,80,1,"$2,900,000.00 ",Louisiana,September,1988,10-Sep
513,1,Two,80,27,"$500,000.00 ",,September,1904,
519,1,Four,80,,,,October,1904,
521,1,One,80,,,,June,1904,
956,1,Chantal,80,13,"$100,000,000.00 ",Texas,August,1989,1-Aug
523,1,Three,80,,,,September,1904,
525,1,Eleven,80,,,,November,1906,
957,1,Jerry,85,3,"$70,000,000.00 ",Texas,October,1989,16-Oct
534,1,Three,80,,,,July,1908,
540,1,Two,80,,"$12,600.00 ",,August,1911,
565,1,Eight,80,,,,August,1916,
580,1,Two,80,215,"$19,000,000.00 ",,September,1921,
592,1,Three,80,0,,,September,1922,
594,1,Four,80,0,,,September,1923,
1184,2,Bob,,,,Conneticut,August,1991,19-Aug
1185,2,Bob,,,,Massachusetts,August,1991,19-Aug
1186,2,Bob,,,,New York,August,1991,19-Aug
1187,2,Bob,,,,Rhode Island,August,1991,19-Aug
597,1,Six,80,0,,,October,1923,
965,5,Andrew,175,61,"$54,270,000,000.00 ",Florida,August,1992,24-Aug
603,1,Eleven,80,,,,November,1924,
608,1,One,80,0,,,August,1925,
1323,3,Emily,,,,North Carolina,August,1993,31-Aug
618,1,Three,80,19,"$4,360,000.00 ",,September,1927,
632,1,Five,80,0,,,October,1929,
668,1,Five,80,,,,August,1934,
680,1,Eleven,80,0,,,August,1936,
1279,2,Erin,,,,Florida,August,1995,3-Aug
682,1,Three,80,,"$550,000.00 ",,June,1936,
953,4,Joan,,,,,October,1988,
689,1,Eleven,80,0,,,October,1937,
698,1,Eight,80,0,,,October,1940,
700,1,Three,80,0,,,September,1941,
702,1,Two,80,0,"$790,000.00 ",,August,1942,
1324,2,Bertha,,,,North Carolina,July,1996,12-Jul
1325,3,Fran,,,,North Carolina,September,1996,6-Sep
704,1,Three,80,0,"$2,000,000.00 ",,July,1944,
707,1,Eight,80,,,,September,1944,
709,1,One,80,0,,,July,1944,
711,1,Twelve,80,0,,,October,1944,
983,1,Danny,80,9,"$100,000,000.00 ",Louisiana,July,1997,18-Jul
982,1,Danny,80,9,"$100,000,000.00 ",Alabama,July,1997,19-Jul
718,1,Two,80,0,,,July,1946,
1326,2,Bonnie,,,,North Carolina,August,1998,27-Aug
1280,1,Earl,,,,Florida,September,1998,3-Sep
719,1,Three,80,1,"$800,000.00 ",,August,1947,
722,1,Five,80,0,"$900,000.00 ",,September,1948,
728,1,Ten,80,15,"$1,012,000.00 ",,September,1949,
737,1,Love,80,0,,,October,1950,
746,1,Twelve,80,0,,,September,1951,
756,1,Gail,80,0,,,October,1953,
789,1,Abby,80,6,"$640,000.00 ",,July,1960,
975,4,Luis,,,,,September,1995,
1281,1,Irene,,,,Florida,October,1999,15-Oct
1282,2,Irene,,,,North Carolina,October,1999,18-Oct
806,1,Jenny,80,0,,,November,1961,
815,1,Four,80,0,,,September,1963,
827,1,Celia,80,0,,,July,1966,
833,1,Lois,80,0,,,November,1966,
848,1,Dolly,80,0,,,August,1968,
981,4,Hortense,,,,,September,1996,
868,1,Nineteen,80,0,,,October,1970,
873,1,Irene,80,3,"$1,000,000.00 ",,September,1971,
882,1,Dawn,80,0,,,September,1972,
887,1,Fran,80,0,,,October,1973,
904,1,Evelyn,80,0,,,October,1977,
993,4,Lenny,,,,,November,1999,
907,1,Kendra,80,1,"$6,000,000.00 ",,October,1978,
922,1,Charley,80,7,,,August,1980,
1009,1,Claudette,90,3,"$181,000,000.00 ",Texas,July,2003,15-Jul
924,1,Georges,80,0,,,September,1980,
926,1,Dennis,80,0,"$15,000,000.00 ",,August,1981,
998,4,Keith,,,,,October,2000,
930,1,Barry,80,0,,,August,1983,
1327,1,Alex,,,,North Carolina,August,2004,3-Aug
1015,4,Charley,,35,"$2,399,300,000.00 ",Florida,August,2004,13-Aug
935,1,Lili,80,0,,,December,1984,
1001,4,Iris,,,,,October,2001,
1018,1,Gaston,75,9,"$130,000,000.00 ",South Carolina,August,2004,29-Aug
1002,4,Michelle,,,,,November,2001,
959,1,Bertha,80,9,"$3,910,000.00 ",,July,1990,
960,1,Klaus,80,11,"$1,000,000.00 ",,October,1990,
1283,3,Jeanne,,,,Florida,September,2004,26-Sep
971,1,Chris,80,0,,,August,1994,
1031,1,Cindy,75,3,"$320,000,000.00 ",Louisiana,July,2005,6-Jul
980,1,Dolly,80,14,,,August,1996,
994,1,Gordon,80,26,"$10,800,000.00 ",,September,2000,
996,1,Florence,80,3,,,September,2000,
999,1,Gabrielle,80,3,"$230,000,000.00 ",,September,2001,
1000,1,Karen,80,0,"$1,400,000.00 ",,October,2001,
1028,1,Stan,80,1668,"$3,960,000,000.00 ",,October,2005,
1032,1,Ophelia,85,3,"$70,000,000.00 ",North Carolina,September,2005,14-Sep
1036,1,Philippe,80,0,,,September,2005,
1041,1,Noel,80,222,"$580,000,000.00 ",,October,2007,
1042,1,Lorenzo,80,6,"$92,000,000.00 ",,September,2007,
1059,1,Maria,80,0,,,September,2011,
1064,1,Leslie,80,0,,,August,2012,
1068,1,Bertha,80,0,,,August,2014,
1070,1,Fay,80,0,,,October,2014,
1092,1,Beryl,80,0,,,July,2018,
1098,1,Pablo,80,0,,,October,2019,
436,1,Two,75,,,,June,1889,
454,1,Two,75,,,,August,1892,
535,1,Two,75,,,,May,1908,
550,1,Five,75,,"$75,000.00 ",,October,1913,
1043,1,Humberto,90,1,"$50,000,000.00 ",Louisiana,September,2007,13-Sep
1044,1,Humberto,90,1,"$50,000,000.00 ",Texas,September,2007,13-Sep
557,1,One,75,0,,,June,1913,
558,1,Six,75,0,,,October,1913,
559,1,One,75,,"$250,000.00 ",,July,1915,
572,1,Three,75,0,,,August,1918,
640,1,Eight,75,0,,,September,1931,
1336,1,Dolly,,,,Texas,July,2008,23-Jul
661,1,Fifteen,75,0,,,September,1933,
684,1,Eight,75,0,,,August,1936,
693,1,Two,75,0,$200.00 ,,August,1939,
724,1,Ten,75,0,,,November,1948,
745,1,Jig,75,0,,,October,1951,
753,1,Dolly,75,0,,,September,1953,
784,1,Flora,75,0,,,September,1959,
1052,4,Paloma,,,,,November,2008,
1053,4,Bill,,,,,August,2009,
1054,4,Earl,,,,,August,2010,
1055,4,Igor,,,,,September,2010,
1328,1,Irene,,,,North Carolina,August,2011,27-Aug
812,1,Debra,75,0,,,September,1963,
825,1,Becky,75,0,,,July,1966,
845,1,Abby,75,6,"$450,000.00 ",,June,1968,
1062,1,Isaac,80,9,"$3,399,100,000.00 ",Louisiana,August,2012,28-Aug
1315,1,Sandy,,,,New York,October,2012,29-Oct
847,1,Brenda,75,0,,,June,1968,
862,1,Seventeen,75,0,,,October,1969,
863,1,Ten,75,0,,,September,1969,
865,1,Alma,75,8,,,May,1970,
891,1,Gertrude,75,0,,,September,1974,
1329,2,Arthur,,,,North Carolina,July,2014,4-Jul
896,1,Holly,75,0,,,October,1976,
902,1,Clara,75,0,,,September,1977,
923,1,Earl,75,0,,,September,1980,
931,1,Chantal,75,0,,,September,1983,
934,1,Hortense,75,0,,,September,1984,
949,1,Arlene,75,0,"$8,000.00 ",,August,1987,
1071,4,Gonzalo,,,,,October,2014,
1081,1,Hermine,80,5,,Florida,September,2016,2-Sep
951,1,Debby,75,20,,,August,1988,
1073,4,Joaquin,,,,,October,2015,
962,1,Lili,75,0,,,October,1990,
964,1,1991 Perfect Storm,75,13,"$200,000,000.00 ",,October,1991,
968,1,Floyd,75,0,,,September,1993,
969,1,Harvey,75,0,,,September,1993,
1082,4,Harvey,,89,"$143,750,000,000.00 ",Texas,August,2017,26-Aug
974,1,Allison,75,1,"$1,700,000.00 ",,June,1995,
1086,1,Nate,90,48,,Louisiana,October,2017,7-Oct
1087,1,Nate,90,48,,Mississippi,October,2017,8-Oct
976,1,Noel,75,0,,,September,1995,
978,1,Marco,75,13,"$3,885,000,000.00 ",,November,1996,
984,1,Bill,75,0,,,July,1997,
988,1,Lisa,75,0,,,October,1998,
1089,5,Michael,160,49,"$27,972,000,000.00 ",Florida,October,2018,10-Oct
1003,1,Noel,75,0,,,November,2001,
1010,1,Erika,75,2,"$100,000.00 ",,August,2003,
1011,1,Danny,75,0,,,July,2003,
1019,1,Lisa,75,0,,,September,2004,
1096,1,Barry,75,1,,Louisiana,July,2019,13-Jul
1037,1,Vince,75,0,,,October,2005,
1038,1,Ernesto,75,11,"$500,000,000.00 ",,August,2006,
1047,1,Karen,75,0,,,September,2007,
1104,1,Hanna,90,0,"$1,171,800,000.00 ",Texas,July,2020,25-Jul
1101,1,Isaias,90,16,"$5,185,200,000.00 ",North Carolina,August,2020,4-Aug
1102,1,Isaias,90,16,"$5,185,200,000.00 ",South Carolina,August,2020,4-Aug
1099,4,Laura,,42,"$25,304,500,000.00 ",Louisiana,August,2020,27-Aug
1058,1,Shary,75,0,,,October,2010,
1160,2,Sally,,,,Alabama,September,2020,16-Sep
1161,2,Sally,,,,Florida,September,2020,16-Sep
1060,1,Nate,75,5,,,September,2011,
1163,3,Zeta,,,,Louisiana,October,2020,28-Oct
1162,1,Zeta,,,,Alabama,October,2020,29-Oct
1164,2,Zeta,,,,Mississippi,October,2020,29-Oct
1105,4,Eta,,,,,November,2020,
1093,1,Isaac,75,0,,,September,2018,
1107,4,Iota,,,,,November,2020,
1106,1,Gamma,75,6,,,October,2020,
1108,1,Marco,75,1,,,August,2020,
1111,4,Ida,105,96,#REF!,Louisiana,August,2021,29-Aug
1110,1,Nicholas,75,0,"$1,056,600,000.00 ",Texas,September,2021,14-Sep
1109,1,Nana,75,0,,,September,2020,
1113,1,Henri,75,2,,,August,2021,
1114,4,Sam,,,,,September,2021,