,Name,Duration,Sustainedwind speeds,Pressure,Areas affected,Deaths,Damage(USD),Month,Year,Month_only
0,One,"June 25 – 28, 1851",90,977,"Texas, Mexico",1,,June 25 – 28,1851,June
1,Two,"July 5 – 6, 1851",90,978,Mexico,0,,July 5 – 6,1851,July
2,Hurricane San Lorenzo of 1852,"September 5 – 6, 1852",80,Unknown,"Puerto Rico, Hispaniola",≥ 100,,September 5 – 6,1852,September
3,Three,"September 9 – 13, 1852",80,985,"Florida, The Bahamas",0,,September 9 – 13,1852,September
4,Four,"September 22 – 30, 1852",90,Unknown,Leeward Islands,0,,September 22 – 30,1852,September
5,Six,"September 26 – October 1, 1853",80,Unknown,Bermuda,0,,September 26 – October 1,1853,September
6,One,"June 25 – 27, 1854",80,982,"Texas, Mexico",0,,June 25 – 27,1854,June
7,Three,"August 11, 1855",80,Unknown,None,0,,August 11,1855,August
8,Two,"August 13 – 14, 1856",80,Unknown,"Barbados, Grenada, Windward Islands",0,,August 13 – 14,1856,August
9,Six,"September 18 – 22, 1856",80,Unknown,None,0,,September 18 – 22,1856,September
10,Three,"September 20 – 26, 1857",80,Unknown,None,0,,September 20 – 26,1857,September
11,One,"June 12, 1858",80,Unknown,None,0,,June 12,1858,June
12,Two,"August 5, 1858",80,Unknown,None,0,,August 5,1858,August
13,Four,"September 17 – 24, 1858",90,Unknown,None,0,,September 17 – 24,1858,September
14,Five,"September 22 – 25, 1858",90,Unknown,"Cuba, Haiti, The Bahamas",0,,September 22 – 25,1858,September
15,Three,"September 2 – 3, 1859",80,Unknown,Lesser Antilles,0,,September 2 – 3,1859,September
16,Five,"September 15 – 18, 1859",80,982,"Southeastern United States, Eastern United States",2,,September 15 – 18,1859,September
17,Eight,"October 24 – 29, 1859",90,974,"Mexico, Florida",Unknown,,October 24 – 29,1859,October
18,Three,"September 11, 1860",80,Unknown,None,0,,September 11,1860,September
19,Two,"August 13 – 17, 1861",90,978,"Hispaniola, The Bahamas, Cuba, Florida",0,,August 13 – 17,1861,August
20,Four,"September 17, 1861",80,Unknown,None,0,,September 17,1861,September
21,Five,"September 27 – 28, 1861",80,978,East Coast of the United States,0,,September 27 – 28,1861,September
22,The Expedition Hurricane of 1861,"November 1 – 3, 1861",80,985,East Coast of the United States,0,,November 1 – 3,1861,November
23,Five,"October 14 – 16, 1862",80,Unknown,New England,3,,October 14 – 16,1862,October
24,Five,"September 9 – 16, 1863",80,Unknown,Bermuda,0,,September 9 – 16,1863,September
25,One,"July 16 – 18, 1864",80,Unknown,Bermuda,0,,July 16 – 18,1864,July
26,Three,"August 26 – September 1, 1864",80,Unknown,"Leeward Islands, Central America",0,,August 26 – September 1,1864,August
27,Five,"October 22 – 24, 1864",80,Unknown,None,0,,October 22 – 24,1864,October
28,Three,"September 4 – 7, 1866",80,Unknown,"Bermuda, Newfoundland and Labrador",0,,September 4 – 7,1866,September
29,Four,"September 18 – 20, 1866",80,Unknown,None,0,,September 18 – 20,1866,September
30,One,"June 21 – 23, 1867",80,985,East Coast of the United States,0,,June 21 – 23,1867,June
31,Four,"August 31 – September 3, 1867",80,Unknown,New England,0,,August 31 – September 3,1867,August
32,Five,"September 4 – 6, 1869",80,985,Louisiana,0,,September 4 – 6,1869,September
33,The Mobile Hurricane of 1870,"July 30, 1870",80,985,"Alabama, Florida, Louisiana",Unknown,,July 30,1870,July
34,Five,"September 17 – 19, 1870",90,969,None,0,,September 17 – 19,1870,September
35,Seven,"October 7, 1870",80,Unknown,None,0,,October 7,1870,October
36,Eight,"October 10 – 11, 1870",80,Unknown,None,0,,October 10 – 11,1870,October
37,Eleven,"October 30 – November 3, 1870",80,Unknown,"Central America, Cuba, Florida",0,,October 30 – November 3,1870,October
38,Six,"September 5 – 8, 1871",80,Unknown,Florida,0,,September 5 – 8,1871,September
39,Seven,"September 30 – October 7, 1871",80,Unknown,Gulf Coast of the United States,0,,September 30 – October 7,1871,September
40,Eight,"October 10 – 13, 1871",80,Unknown,Nova Scotia,0,,October 10 – 13,1871,October
41,Three,"September 9 – 20, 1872",80,Unknown,Windward Islands,0,,September 9 – 20,1872,September
42,Four,"September 30 – October 6, 1872",80,Unknown,None,0,,September 30 – October 6,1872,September
43,Five,"October 22 – 27, 1872",80,Unknown,"Gulf of Mexico, East Coast of the United States",0,,October 22 – 27,1872,October
44,Three,"September 18 – 20, 1873",80,985,"Gulf of Mexico, Florida, Georgia",0,,September 18 – 20,1873,September
45,Two,"August 3 – 7, 1874",80,Unknown,Bermuda,0,,August 3 – 7,1874,August
46,Three,"August 29 – September 7, 1874",90,980,Newfoundland and Labrador,0,,August 29 – September 7,1874,August
47,Six,"September 25 – 30, 1874",90,981,Gulf of Mexico,0,,September 25 – 30,1874,September
48,One,"August 16 – 19, 1875",80,Unknown,None,0,,August 16 – 19,1875,August
49,Two,"September 1 – 10, 1875",80,982,None,0,,September 1 – 10,1875,September
50,Six,"October 12 – 16, 1875",80,Unknown,East Coast of the United States,0,,October 12 – 16,1875,October
51,One,"September 9 – 11, 1876",90,970,"Bermuda, Nova Scotia",0,,September 9 – 11,1876,September
52,Two,"September 14 – 21, 1877",80,985,Gulf Coast of the United States,0,,September 14 – 21,1877,September
53,Three,"September 16 – 22, 1877",80,Unknown,Atlantic Canada,0,,September 16 – 22,1877,September
54,Two,"August 8 – 19, 1878",80,Unknown,"Leeward Islands, Gulf of Mexico",Unknown,,August 8 – 19,1878,August
55,Three,"August 19 – 20, 1878",90,963,Atlantic Canada,0,,August 19 – 20,1878,August
56,Eight,"October 9 – 14, 1878",80,982,East Coast of the United States,27,,October 9 – 14,1878,October
57,Nine,"October 9 – 15, 1878",80,Unknown,None,0,,October 9 – 15,1878,October
58,One,"August 9 – 12, 1879",80,Unknown,East Coast of the United States,0,,August 9 – 12,1879,August
59,Seven,"October 24 – 29, 1879",80,Unknown,East Coast of the United States,0,,October 24 – 29,1879,October
60,Three,"August 15 – 20, 1880",90,980,Lesser Antilles,0,,August 15 – 20,1880,August
61,Five,"August 26 – September 4, 1880",90,977,None,0,,August 26 – September 4,1880,August
62,Six,"September 6 – 10, 1880",80,987,Florida,0,,September 6 – 10,1880,September
63,Seven,"September 8 – 10, 1880",90,982,Newfoundland and Labrador,0,,September 8 – 10,1880,September
64,Nine,"October 5 – 10, 1880",80,985,Gulf of Mexico,0,,October 5 – 10,1880,October
65,Ten,"October 10 – 14, 1880",90,970,None,0,,October 10 – 14,1880,October
66,Three,"August 11 – 18, 1881",90,Unknown,None,0,,August 11 – 18,1881,August
67,Four,"August 16 – 21, 1881",80,Unknown,"Yucatán Peninsula, Cuba, Florida, The Bahamas",Unknown,,August 16 – 21,1881,August
68,One,"August 24 – 25, 1882",80,Unknown,None,0,,August 24 – 25,1882,August
69,Five,"September 24 – 28, 1882",80,Unknown,None,0,,September 24 – 28,1882,September
70,One,"August 18 – 27, 1883",90,975,None,0,,August 18 – 27,1883,August
71,One,"September 1 – 2, 1884",80,997,Newfoundland and Labrador,0,,September 1 – 2,1884,September
72,Three,"September 10 – 19, 1884",90,979,"The Bahamas, Florida, Georgia",0,,September 10 – 19,1884,September
73,One,"August 7 – 13, 1885",90,981,Bermuda,0,,August 7 – 13,1885,August
74,Four,"September 17 – 23, 1885",90,973,"Gulf Coast of the United States, East Coast of the United States",4,,September 17 – 23,1885,September
75,Five,"September 18 – 21, 1885",80,999,Lesser Antilles,0,,September 18 – 21,1885,September
76,Six,"September 24 – October 2, 1885",80,Unknown,Gulf Coast of the United States,Unknown,,September 24 – October 2,1885,September
77,Seven,"September 26 – 29, 1885",90,982,None,0,,September 26 – 29,1885,September
78,Four,"July 14 – 22, 1886",85,990,"Yucatán Peninsula, Cuba, Florida",Unknown,,July 14 – 22,1886,July
79,Ten,"September 14 – 18, 1887",80,983,Newfoundland and Labrador,0,,September 14 – 18,1887,September
80,Thirteen,"October 9 – 20, 1887",85,981,"Lesser Antilles, East Coast of the United States",Unknown,,October 9 – 20,1887,October
81,Fourteen,"October 10 – 12, 1887",85,989,None,0,,October 10 – 12,1887,October
82,Seventeen,"November 27 – December 4, 1887",80,Unknown,The Bahamas,0,,November 27 – December 4,1887,November
83,Eighteen,"December 4 – 8, 1887",80,Unknown,None,0,,December 4 – 8,1887,December
84,One,"June 16 – 18, 1888",80,985,Texas,Unknown,,June 16 – 18,1888,June
85,Six,"September 23 – 26, 1888",80,985,East Coast of the United States,Unknown,,September 23 – 26,1888,September
86,One,"May 16 – 21, 1889",80,Unknown,None,0,,May 16 – 21,1889,May
87,Two,"June 15 – 20, 1889",75,Unknown,"Cuba, Yucatán Peninsula, East Coast of the United States",Unknown,,June 15 – 20,1889,June
88,Three,"August 18 – 28, 1889",80,998,"Hispaniola, The Bahamas",Unknown,,August 18 – 28,1889,August
89,Five,"September 2 – 11, 1889",80,Unknown,None,0,,September 2 – 11,1889,September
90,Four,"October 31 – November 1, 1890",90,Unknown,Central America,Unknown,,October 31 – November 1,1890,October
91,One,"July 3 – 8, 1891",90,977,Gulf Coast of the United States,10,,July 3 – 8,1891,July
92,Two,"August 17 – 29, 1891",80,997,Cape Verde,0,,August 17 – 29,1891,August
93,Nine,"October 12 – 20, 1891",85,992,"Windward Islands, Virgin Islands, Newfoundland and Labrador",Unknown,,October 12 – 20,1891,October
94,Two,"August 15 – 21, 1892",75,Unknown,Leeward Islands,Unknown,,August 15 – 21,1892,August
95,Eight,"October 13 – 17, 1892",90,Unknown,None,0,,October 13 – 17,1892,October
96,One,"June 10 – 19, 1893",80,990,"Gulf Coast of the United States, East Coast of the United States",Unknown,,June 10 – 19,1893,June
97,Two,"September 10 – 13, 1897",85,981,"Louisiana, Texas",29,,September 10 – 13,1897,September
98,Five,"October 9 – 21, 1897",80,993,"Cuba, The Bahamas, North Carolina, New England",188,,October 9 – 21,1897,October
99,One,"August 2 – 3, 1898",80,982,"The Bahamas, Florida, Alabama",12,,August 2 – 3,1898,August
100,Two,"August 30 – September 1, 1898",85,980,Georgia,Unknown,[citation needed],August 30 – September 1,1898,August
101,Three,"September 3 – 5, 1898",80,Unknown,None,0,,September 3 – 5,1898,September
102,Hurricane San Cirillo of 1901,"July 4 – 13, 1901",80,983,"Windward Islands, The Bahamas, East Coast of the United States",Unknown,,July 4 – 13,1901,July
103,1901 Louisiana hurricane,"August 1 – 21, 1901",90,973,"The Bahamas, Gulf Coast of the United States",Unknown,,August 1 – 21,1901,August
104,Six,"August 25 – 30, 1901",80,991,Cape Verde,0,,August 25 – 30,1901,August
105,Hurricane San Vicente of 1901,"September 9 – 18, 1901",80,"1,001",Lesser Antilles,Unknown,,September 9 – 18,1901,September
106,Thirteen,"October 30 – November 5, 1901",80,989,Puerto Rico,0,,October 30 – November 5,1901,October
107,Two,"June 21 – 28, 1902",80,995,Gulf of Mexico,Unknown,,June 21 – 28,1902,June
108,One,"July 21 – 26, 1903",80,999,"The Bahamas, Bermuda",Unknown,,July 21 – 26,1903,July
109,1903 Florida hurricane,"September 9 – 16, 1903",90,974,"The Bahamas, Gulf Coast of the United States",Unknown,$500 thousand,September 9 – 16,1903,September
110,Ten,"November 17 – 25, 1903",80,985,None,0,,November 17 – 25,1903,November
111,One,"June 10 – 14, 1904",80,"1,003",Cuba,Unknown,,June 10 – 14,1904,June
112,Two,"September 8 – 15, 1904",80,985,East Coast of the United States,27,$500 thousand,September 8 – 15,1904,September
113,Three,"September 28 – October 4, 1904",80,Unknown,Central America,Unknown,,September 28 – October 4,1904,September
114,Four,"October 12 – 21, 1904",80,989,"Cuba, Florida, The Bahamas",Unknown,,October 12 – 21,1904,October
115,Five,"September 3 – 18, 1906",90,977,East Coast of the United States,7,$2 million,September 3 – 18,1906,September
116,Eleven,"November 5 – 9, 1906",80,997,"Cuba, The Bahamas",Unknown,,November 5 – 9,1906,November
117,Two,"May 24 – 31, 1908",75,989,"The Bahamas, East Coast of the United States",Unknown,,May 24 – 31,1908,May
118,Three,"July 24 – August 3, 1908",80,985,"The Bahamas, East Coast of the United States",Unknown,,July 24 – August 3,1908,July
119,Two,"August 8 – 14, 1911",80,982,Gulf Coast of the United States,Unknown,"$12,600",August 8 – 14,1911,August
120,Four,"September 10 – 15, 1912",90,986,Gulf Coast of the United States,Unknown,$39 thousand,September 10 – 15,1912,September
121,Five,"October 6 – 10, 1912",90,996,Bermuda,Unknown,,October 6 – 10,1912,October
122,One,"June 21 – 29, 1913",75,988,Central America,0,,June 21 – 29,1913,June
123,Four,"August 30 – September 4, 1913",85,976,East Coast of the United States,5,$4 million,August 30 – September 4,1913,August
124,Five,"October 6 – 10, 1913",75,989,East Coast of the United States,Unknown,$75 thousand,October 6 – 10,1913,October
125,Six,"October 28 – 30, 1913",75,992,Cuba,0,,October 28 – 30,1913,October
126,One,"July 30 – August 4, 1915",75,990,East Coast of the United States,Unknown,$250 thousand,July 30 – August 4,1915,July
127,Eight,"August 27 – September 2, 1916",80,986,"Leeward Islands, Central America",Unknown,,August 27 – September 2,1916,August
128,Ten,"September 13 – 21, 1916",85,"1,000",None,0,,September 13 – 21,1916,September
129,Three,"August 23 – 26, 1918",75,988,South Carolina,0,,August 23 – 26,1918,August
130,Three,"September 19 –24, 1920",85,Unknown,East Coast of the United States,1,,September 19 –24,1920,September
131,Five,"September 25 – 30, 1920",85,987,Florida,1,,September 25 – 30,1920,September
132,One,"June 16 – 26, 1921",90,980,"Central America, Gulf of Mexico",0,,June 16 – 26,1921,June
133,Two,"September 4 – 8, 1921",80,985,Mexico,215,$19 million,September 4 – 8,1921,September
134,Four,"September 8 – 14, 1921",90,979,None,0,,September 8 – 14,1921,September
135,Three,"September 18 – 24, 1922",80,987,None,0,,September 18 – 24,1922,September
136,Four,"September 10 – 13, 1923",80,986,Newfoundland,0,,September 10 – 13,1923,September
137,Six,"October 12 – 17, 1923",80,983,"Mexico, Gulf Coast of the United States",0,,October 12 – 17,1923,October
138,Five,"September 13 – 17, 1924",85,980,East Coast of the United States,Unknown,,September 13 – 17,1924,September
139,Eleven,"November 5 – 14, 1924",80,994,"Cuba, The Bahamas",Unknown,,November 5 – 14,1924,November
140,One,"August 18 – 24, 1925",80,994,None,0,,August 18 – 24,1925,August
141,Two,"September 2 – 11, 1927",90,"1,007",Cape Verde,0,,September 2 – 11,1927,September
142,Three,"September 22 – 29, 1927",80,"1,005",None,19,$4.36 million,September 22 – 29,1927,September
143,1928 Haiti hurricane,"August 7 – 17, 1928",90,998,"Windward Islands, Leeward Islands, Gulf Coast of the United States",210,$2 million,August 7 – 17,1928,August
144,Six,"September 10 – 15, 1928",90,980,None,0,,September 10 – 15,1928,September
145,One,"June 27 — 30, 1929",90,982,Gulf of Mexico,Unknown,$365 thousand,June 27 — 30,1929,June
146,Five,"October 19 – 22, 1929",80,997,None,0,,October 19 – 22,1929,October
147,Eight,"September 23 – 28, 1931",75,987,None,0,,September 23 – 28,1931,September
148,1932 Florida–Alabama hurricane,"August 26 – September 2, 1932",85,979,Gulf Coast of the United States,Unknown,$226 thousand,August 26 – September 2,1932,August
149,1933 Florida–Mexico hurricane,"July 23 – August 5, 1933",90,975,"Leeward Islands, Gulf Coast of the United States, Mexico",Unknown,$500 thousand,July 23 – August 5,1933,July
150,Fifteen,"September 24 – 27, 1933",75,991,Azores,0,,September 24 – 27,1933,September
151,Eighteen,"October 25 – November 7, 1933",90,982,"Cuba, The Bahamas",23,$3 million,October 25 – November 7,1933,October
152,Two,"July 12 – 16, 1934",90,980,"Bermuda, Newfoundland and Labrador",0,,July 12 – 16,1934,July
153,Three,"July 22 – 26, 1934",85,975,Gulf Coast of the United States,Unknown,,July 22 – 26,1934,July
154,Five,"August 26 – September 1, 1934",80,989,Gulf Coast of the United States,Unknown,,August 26 – September 1,1934,August
155,1935 Jérémie hurricane,"October 18 – 27, 1935",85,988,"Central America, Jamaica, Cuba, Haiti",2150,,October 18 – 27,1935,October
156,Three,"June 26 – 28, 1936",80,987,Texas,Unknown,$550 thousand,June 26 – 28,1936,June
157,Eight,"August 15 – 20, 1936",75,999,"Yucatán Peninsula, Tamaulipas",0,,August 15 – 20,1936,August
158,Eleven,"August 28 – 30, 1936",80,"1,000","Yucatán Peninsula, Veracruz",0,,August 28 – 30,1936,August
159,Eleven,"October 19 – 21, 1937",80,995,None,0,,October 19 – 21,1937,October
160,Two,"August 7 – 19, 1939",75,985,"Puerto Rico, Turks and Caicos Islands, The Bahamas, Eastern United States",0,$2 thousand,August 7 – 19,1939,August
161,Six,"October 28 – November 6, 1939",90,989,"Honduras, Cayman Islands, Jamaica, Cuba, Turks and Caicos Islands, Bermuda",2,,October 28 – November 6,1939,October
162,Eight,"October 20 – 24, 1940",80,983,Nicaragua,0,,October 20 – 24,1940,October
163,Three,"September 18 – 25, 1941",80,978,None,0,,September 18 – 25,1941,September
164,Two,"August 17 – 23, 1942",80,992,Texas,0,$790 thousand,August 17 – 23,1942,August
165,One,"July 13 – 18, 1944",80,995,Bermuda,0,,July 13 – 18,1944,July
166,Three,"July 30 – August 4, 1944",80,985,"North Carolina, Mid-Atlantic states",0,$2 million,July 30 – August 4,1944,July
167,Eight,"September 19 – 22, 1944",80,996,Mexico,Unknown,,September 19 – 22,1944,September
168,Twelve,"October 11 – 15, 1944",80,998,None,0,,October 11 – 15,1944,October
169,Ten,"October 2 – 7, 1945",90,982,"Belize, Guatemala, Honduras, Mexico",1,,October 2 – 7,1945,October
170,Two,"July 5 – 9, 1946",80,"1,005",North Carolina,0,,July 5 – 9,1946,July
171,Three,"August 18 – 27, 1947",80,984,"Cuba, Louisiana, Texas",1,$800 thousand,August 18 – 27,1947,August
172,Five,"September 1 – 7, 1948",80,983,"Louisiana, Mississippi, Midwestern United States",0,$900 thousand,September 1 – 7,1948,September
173,Ten,"November 8 – 11, 1948",75,990,None,0,,November 8 – 11,1948,November
174,Ten,"September 20 – 22, 1949",80,"1,003","Saint Croix, Puerto Rico, Dominican Republic",15,$1.012 million,September 20 – 22,1949,September
175,Thirteen,"October 13 – 19, 1949",90,981,"Cuba, The Bahamas",0,,October 13 – 19,1949,October
176,Love,"October 18 – 22, 1950",80,987,"Georgia, Louisiana, Southwestern Florida",0,,October 18 – 22,1950,October
177,Able,"May 15 – 23, 1951",90,973,"Florida, Bahamas, North Carolina, South Carolina, Virginia",0,,May 15 – 23,1951,May
178,Dog,"August 27 – September 5, 1951",90,992,"Martinique, Saint Lucia, Hispaniola, Jamaica",7,$3 million,August 27 – September 5,1951,August
179,Jig,"October 15 – 17, 1951",75,990,"North Carolina, Virginia",0,,October 15 – 17,1951,October
180,Twelve,"September 2 – 11, 1951",80,995,None,0,,September 2 – 11,1951,September
181,Barbara,"August 11 – 15, 1953",90,973,"East Coast of the United States, Atlantic Canada",9,$1.3 million,August 11 – 15,1953,August
182,Dolly,"September 8 – 12, 1953",75,989,"Virgin Islands, Puerto Rico, The Bahamas, Bermuda",0,,September 8 – 12,1953,September
183,Gail,"October 2 – 12, 1953",80,986,None,0,,October 2 – 12,1953,October
184,Hazel,"October 7 – 10, 1953",85,980,"Florida, Sable Island",0,$250 thousand,October 7 – 10,1953,October
185,Dolly,"August 31 – September 2, 1954",85,994,None,0,,August 31 – September 2,1954,August
186,Alice,"December 30, 1954 – January 6, 1955",90,980,"Saba, Anguilla, Lesser Antilles",0,$623 thousand,December 30,"1954 – January 6, 1955",December
187,Gladys,"September 3 – 6, 1955",90,996,"Western Mexico, Yucatán Peninsula",0,$500 thousand,September 3 – 6,1955,September
188,Anna,"July 25 – 27, 1956",85,991,Mexico,0,$50 thousand,July 25 – 27,1956,July
189,Flossy,"September 20 – 25, 1956",90,974,"Yucatán Peninsula, Louisiana, Mississippi, Alabama, Florida, Georgia, South Carolina, North Carolina, Virginia",15,$24.9 million,September 20 – 25,1956,September
190,Frieda,"September 20 – 26, 1957",85,975,"Bermuda, Newfoundland",0,,September 20 – 26,1957,September
191,Fifi,"September 4 – 11, 1958",85,"1,000",None,0,,September 4 – 11,1958,September
192,Escuminac (Three),"June 18 – 19, 1959",85,974,"Florida, Atlantic Canada",35,$2.5 million,June 18 – 19,1959,June
193,Cindy,"July 4 – 11, 1959",75,996,"The Carolinas, Mid-Atlantic states, New England, Canadian Maritime Provinces",6,$75 thousand,July 4 – 11,1959,July
194,Debra,"July 22 – 27, 1959",85,984,"Texas, Oklahoma, Gulf Coast of the United States, Midwestern United States",0,$7 million,July 22 – 27,1959,July
195,Flora,"September 9 – 12, 1959",75,994,None,0,,September 9 – 12,1959,September
196,Judith,"October 14 – 22, 1959",85,988,Florida,0,,October 14 – 22,1959,October
197,Abby,"July 9 – 17, 1960",80,995,"Lesser Antilles, Puerto Rico, Leeward Antilles, Hispaniola, Jamaica, Nicaragua, Honduras, Belize, Guatemala, Mexico",6,$640 thousand,July 9 – 17,1960,July
198,Cleo,"August 17 – 21, 1960",85,995,"Greater Antilles, The Bahamas, Northeastern United States, Nova Scotia",0,,August 17 – 21,1960,August
199,Debbie,"September 6 – 16, 1961",90,975,"Cape Verde, Azores, Ireland, United Kingdom, Norway, Soviet Union",78,$50 million,September 6 – 16,1961,September
200,Jenny,"November 1 – 10, 1961",80,974,"Puerto Rico, Leeward Islands",0,,November 1 – 10,1961,November
201,Alma,"August 26 – 30, 1962",85,984,"Puerto Rico, East Coast of the United States",1,$1 million,August 26 – 30,1962,August
202,Ten,"November 28 – December 4, 1962",90,988,East Coast of the United States,0,,November 28 – December 4,1962,November
203,Four,"September 9 – 14, 1963",80,990,Bermuda,0,,September 9 – 14,1963,September
204,Debra,"September 19 – 24, 1963",75,999,None,0,,September 19 – 24,1963,September
205,Three,"July 28 – August 2, 1964",85,990,British Isles,0,,July 28 – August 2,1964,July
206,Carol,"September 16 – 30, 1965",90,974,Azores,0,,September 16 – 30,1965,September
207,Becky,"July 1 – 3, 1966",75,985,None,0,,July 1 – 3,1966,July
208,Celia,"July 13 – 21, 1966",80,995,"Atlantic Canada, Quebec",0,,July 13 – 21,1966,July
209,Dorothy,"July 22 – 30, 1966",85,989,None,0,,July 22 – 30,1966,July
210,Lois,"November 4 – 11, 1966",80,986,Azores,0,,November 4 – 11,1966,November
211,Arlene,"August 28 – September 4, 1967",85,982,Newfoundland,0,,August 28 – September 4,1967,August
212,Doria,"September 8 – 21, 1967",85,973,East Coast of the United States,3,$150 thousand,September 8 – 21,1967,September
213,Fern,"October 1 – 4, 1967",85,987,"Mexico, Texas",3,,October 1 – 4,1967,October
214,Heidi,"October 19 – 31, 1967",90,981,Bermuda,0,,October 19 – 31,1967,October
215,Abby,"June 1 – 13, 1968",75,992,"Cuba, Florida, Georgia, The Carolinas",6,"$450,000",June 1 – 13,1968,June
216,Brenda,"June 17 – 26, 1968",75,990,Florida,0,,June 17 – 26,1968,June
217,Dolly,"August 10 – 17, 1968",80,985,"The Carolinas, Florida, Azores",0,,August 10 – 17,1968,August
218,Gladys,"October 13 – 21, 1968",85,965,"Cuba, Florida, East Coast of the United States, Nova Scotia",11,$18.7 million,October 13 – 21,1968,October
219,Blanche,"August 11 – 12, 1969",85,997,Sable Island,0,,August 11 – 12,1969,August
220,Holly,"September 14 – 21, 1969",85,984,Leeward Islands,0,,September 14 – 21,1969,September
221,Ten,"September 21 – 26, 1969",75,985,None,0,,September 21 – 26,1969,September
222,Seventeen,"October 31 – November 7, 1969",75,988,None,0,,October 31 – November 7,1969,October
223,Martha,"November 21 – 25, 1969",90,975,"Panama, Costa Rica",5,$30 million,November 21 – 25,1969,November
224,Alma,"May 17 – 26, 1970",75,993,"Cayman Islands, Jamaica, Cuba, Southeastern United States",8,,May 17 – 26,1970,May
225,Nineteen,"October 20 – 28, 1970",80,988,None,0,,October 20 – 28,1970,October
226,Two,"August 3 – 7, 1971",85,974,None,0,,August 3 – 7,1971,August
227,Beth,"August 10 – 16, 1971",85,977,"The Bahamas, Florida, Nova Scotia, Newfoundland",1,$5.1 million,August 10 – 16,1971,August
228,Fern,"September 3 – 13, 1971",90,979,"Louisiana, Texas, northern Mexico",2,$30.2 million,September 3 – 13,1971,September
229,Irene,"September 11 – 20, 1971",80,989,"Lesser Antilles, Leeward Antilles, Central America",3,$1 million,September 11 – 20,1971,September
230,Agnes,"June 14 – 23, 1972",90,977,"Yucatán Peninsula, western Cuba, Florida Panhandle, Georgia, North Carolina, Virginia, Maryland, Pennsylvania, New York, Atlantic Canada",128,$2.1 billion,June 14 – 23,1972,June
231,Dawn,"September 5 – 14, 1972",80,997,Southeastern United States,0,,September 5 – 14,1972,September
232,Alice,"July 1 – 7, 1973",90,986,"Bermuda, Newfoundland",0,,July 1 – 7,1973,July
233,Brenda,"August 18 – 22, 1973",90,977,"Cayman Islands, Mexico",10,,August 18 – 22,1973,August
234,Fran,"October 8 – 12, 1973",80,978,Azores,0,,October 8 – 12,1973,October
235,Gertrude,"September 25 – October 4, 1974",75,999,Windward Islands,0,,September 25 – October 4,1974,September
236,Blanche,"July 23 – 28, 1975",85,980,"Maine, Nova Scotia",0,$6.2 million,July 23 – 28,1975,July
237,Candice,"August 18 – 24, 1976",90,964,None,0,,August 18 – 24,1976,August
238,Holly,"October 22 – 28, 1976",75,990,None,0,,October 22 – 28,1976,October
239,Babe,"September 3 – 9, 1977",75,995,"Florida, Louisiana, Alabama, Mississippi, Tennessee, Georgia, South Carolina, North Carolina and Virginia",0,$13 million,September 3 – 9,1977,September
240,Clara,"September 5 – 11, 1977",75,993,"The Carolinas, Nova Scotia",0,,September 5 – 11,1977,September
241,Dorothy,"September 26 – 29, 1977",85,980,"Bermuda, Newfoundland",0,,September 26 – 29,1977,September
242,Evelyn,"October 13 – 15, 1977",80,994,"Bermuda, Nova Scotia, Newfoundland",0,,October 13 – 15,1977,October
243,Cora,"August 7 – 12, 1978",90,980,"Windward Islands, St. Lucia, Barbados, Grenada",1,,August 7 – 12,1978,August
244,Kendra,"October 28 – November 1, 1978",80,990,"Puerto Rico, East Coast of the United States",1,$6 million,October 28 – November 1,1978,October
245,Bob,"July 9 – 16, 1979",75,983,"Louisiana, Mississippi, Alabama, Midwestern United States",1,$20 million,July 9 – 16,1979,July
246,Henri,"September 15 – 24, 1979",85,986,"Mexico, Florida",0,,September 15 – 24,1979,September
247,Charley,"August 20 – 25, 1980",80,989,North Carolina,7,,August 20 – 25,1980,August
248,Georges,"September 1 – 8, 1980",80,993,Newfoundland,0,,September 1 – 8,1980,September
249,Earl,"September 4 – 10, 1980",75,985,None,0,,September 4 – 10,1980,September
250,Karl,"November 25 – 28, 1980",85,985,None,0,,November 25 – 28,1980,November
251,Dennis,"August 7 – 21, 1981",80,995,"Lesser Antilles, Greater Antilles, The Bahamas, Florida, Georgia, The Carolinas, Virginia",0,$15 million,August 7 – 21,1981,August
252,Emily,"August 31 – September 11, 1981",90,966,None,0,,August 31 – September 11,1981,August
253,Katrina,"November 3 – 7, 1981",85,980,"Cayman Islands, Jamaica, Cuba, The Bahamas, Turks and Caicos Islands",2,,November 3 – 7,1981,November
254,Alberto,"June 1 – 6, 1982",85,985,"Cuba, Florida",23,$85 million,June 1 – 6,1982,June
255,Barry,"August 23 – 29, 1983",80,986,"Florida, Texas, Mexico",0,,August 23 – 29,1983,August
256,Chantal,"September 10 – 15, 1983",75,994,None,0,,September 10 – 15,1983,September
257,Hortense,"September 23 – October 2, 1984",75,993,None,0,,September 23 – October 2,1984,September
258,Klaus,"November 5 – 13, 1984",90,971,"Puerto Rico, Leeward Islands",2,$152 million,November 5 – 13,1984,November
259,Lili,"December 12 – 24, 1984",80,980,"Puerto Rico, Hispaniola",0,,December 12 – 24,1984,December
260,Bob,"July 21 – 26, 1985",75,"1,002","Florida, Southeast United States, Mid-Atlantic states, southern New England",5,$20 million,July 21 – 26,1985,July
261,Claudette,"August 9 – 16, 1985",85,980,"Bermuda, Azores",0,,August 9 – 16,1985,August
262,Danny,"August 12 – 18, 1985",90,987,"Cuba, Gulf Coast of the United States, Tennessee, The Carolinas, Virginia",5,$100 million,August 12 – 18,1985,August
263,Juan,"October 26 – November 21, 1985",85,971,"Louisiana, Gulf Coast of the United States, central United States, Canada",12,$1.5 billion,October 26 – November 21,1985,October
264,Bonnie,"June 23 – 26, 1986",85,992,"Texas, Louisiana, Southeastern United States",5,$42 million,June 23 – 26,1986,June
265,Charley,"August 13 – 20, 1986",80,987,"Southeastern United States, Mid-Atlantic states, Massachusetts, Ireland, United Kingdom, Europe",15,$15 million,August 13 – 20,1986,August
266,Frances,"November 16 – 21, 1986",85,"1,000",None,0,,November 16 – 21,1986,November
267,Arlene,"August 10 – 23, 1987",75,987,"The Bahamas, Bermuda",0,$8 thousand,August 10 – 23,1987,August
268,Floyd,"October 9 – 13, 1987",75,993,"Cuba, Florida, The Bahamas",1,$500 thousand,October 9 – 13,1987,October
269,Debby,"August 31 – September 8, 1988",75,991,Mexico,20,,August 31 – September 8,1988,August
270,Florence,"September 7 – 11, 1988",80,982,"Yucatán Peninsula, Louisiana, Mississippi, Alabama, Florida",1,$2.9 million,September 7 – 11,1988,September
271,Chantal,"July 30 – August 3, 1989",80,984,"Texas, Louisiana, Oklahoma, Midwestern United States",13,$100 million,July 30 – August 3,1989,July
272,Felix,"August 25 – September 9, 1989",85,979,None,0,,August 25 – September 9,1989,August
273,Jerry,"October 12 – 16, 1989",85,982,"Texas, eastern United States",3,$70 million,October 12 – 16,1989,October
274,Bertha,"July 24 – August 2, 1990",80,973,"The Bahamas, East Coast of the United States, Bermuda, Atlantic Canada",9,$3.91 million,July 24 – August 2,1990,July
275,Josephine,"September 21 – October 6, 1990",85,980,None,0,,September 21 – October 6,1990,September
276,Klaus,"October 3 – 9, 1990",80,985,"Lesser Antilles, Puerto Rico, Hispaniola, Turks and Caicos Islands, The Bahamas, Southeastern United States",11,$1 million,October 3 – 9,1990,October
277,Lili,"October 6 – 14, 1990",75,987,"Bermuda, East Coast of the United States, Atlantic Canada",0,,October 6 – 14,1990,October
278,Nana,"October 16 – 21, 1990",85,989,Bermuda,0,,October 16 – 21,1990,October
279,1991 Perfect Storm,"October 31 - November 2, 1991",75,980,"Northeastern United States, Mid-Atlantic states, Eastern Canada",13,$200 million,October 31 - November 2,1991,October
280,Frances,"October 23 – 27, 1992",85,976,"Newfoundland, Iberian Peninsula",0,,October 23 – 27,1992,October
281,Floyd,"September 7 – 10, 1993",75,990,Newfoundland,0,,September 7 – 10,1993,September
282,Harvey,"September 18 – 21, 1993",75,990,None,0,,September 18 – 21,1993,September
283,Chris,"August 16 – 23, 1994",80,979,Bermuda,0,,August 16 – 23,1994,August
284,Gordon,"November 8 – 21, 1994",85,980,"Central America, Cayman Islands, Jamaica, Hispaniola, Cuba, Turks and Caicos Islands, The Bahamas, Florida, Georgia, Mid-Atlantic states",1152,$594 million,November 8 – 21,1994,November
285,Allison,"June 3 – 6, 1995",75,987,"Yucatán Peninsula, western Cuba, Florida, Georgia, The Carolinas, Atlantic Canada",1,$1.7 million,June 3 – 6,1995,June
286,Noel,"September 28 – October 7, 1995",75,987,None,0,,September 28 – October 7,1995,September
287,Tanya,"October 26 – November 1, 1995",85,972,Azores,1,,October 26 – November 1,1995,October
288,Cesar,"July 24 – 28, 1996",85,985,"Windward Islands, Trinidad and Tobago, Leeward Antilles, Venezuela, Colombia, Mexico, Socorro Island, Panama, Guatemala, El Salvador",113,$203 million,July 24 – 28,1996,July
289,Dolly,"August 19 – 25, 1996",80,989,"Belize, Mexico, Texas",14,,August 19 – 25,1996,August
290,Marco,"November 16 – 26, 1996",75,983,"Cuba, Hispaniola, Central America, Jamaica, Florida",15,$8.2 million,November 16 – 26,1996,November
291,Bill,"July 11 – 13, 1997",75,986,Newfoundland,0,,July 11 – 13,1997,July
292,Danny,"July 16 – 26, 1997",80,984,"Louisiana, Alabama, Southeastern United States, Mid-Atlantic states, New England",9,$100 million,July 16 – 26,1997,July
293,Ivan,"September 19 – 27, 1998",90,975,None,0,,September 19 – 27,1998,September
294,Lisa,"October 5 – 9, 1998",75,995,None,0,,October 5 – 9,1998,October
295,Nicole,"November 24 – December 1, 1998",85,979,None,0,,November 24 – December 1,1998,November
296,Debby,"August 19 – 24, 2000",85,991,"Lesser Antilles, Puerto Rico, Hispaniola, Turks and Caicos Islands, Cuba, Jamaica",1,$735 thousand,August 19 – 24,2000,August
297,Florence,"September 10 – 19, 2000",80,985,"East Coast of the United States, Bermuda, Atlantic Canada",3,,September 10 – 19,2000,September
298,Gordon,"September 14 – 21, 2000",80,981,"Belize, Yucatán Peninsula, Cuba, East Coast of the United States, Atlantic Canada",26,$10.8 million,September 14 – 21,2000,September
299,Joyce,"September 29 – October 2, 2000",90,975,"Trinidad and Tobago, Windward Islands, Leeward Islands",0,,September 29 – October 2,2000,September
300,Gabrielle,"September 11 – 19, 2001",80,975,"Florida, Newfoundland",3,> 230 million,September 11 – 19,2001,September
301,Karen,"October 12 – 15, 2001",80,982,"Bermuda, Atlantic Canada",0,$1.4 million,October 12 – 15,2001,October
302,Noel,"November 4 – 6, 2001",75,986,Atlantic Canada,0,,November 4 – 6,2001,November
303,Olga,"November 24 – December 7, 2001",90,973,"Bermuda, The Bahamas, Cuba, Florida",0,,November 24 – December 7,2001,November
304,Kyle,"September 20 – October 14, 2002",85,980,"Bermuda, Florida, Georgia, The Carolinas, British Isles",1,$5 million,September 20 – October 14,2002,September
305,Claudette,"July 8 – 17, 2003",90,979,"Windward Islands, Jamaica, Yucatán Peninsula, Northern Mexico, Texas",3,$181 million,July 8 – 17,2003,July
306,Danny,"July 16 – 21, 2003",75,"1,000",None,0,,July 16 – 21,2003,July
307,Erika,"August 14 – 17, 2003",75,986,"Florida, Mexico, Southern Texas",2,$100 thousand,August 14 – 17,2003,August
308,Gaston,"August 27 – September 3, 2004",75,985,"The Carolinas, Virginia, Maryland, Delaware, Massachusetts",9,$130 million,August 27 – September 3,2004,August
309,Lisa,"September 19 – October 3, 2004",75,987,None,0,,September 19 – October 3,2004,September
310,Cindy,"July 3 – 12, 2005",75,991,"Yucatán Peninsula, The Carolinas, Alabama, Mississippi, Louisiana",3,$320 million,July 3 – 12,2005,July
311,Nate,"September 5 – 13, 2005",90,976,"Bermuda, East Coast of the United States, Scotland, Norway",2,,September 5 – 13,2005,September
312,Ophelia,"September 6 – 23, 2005",85,976,"The Bahamas, Eastern Coast of the United States, Atlantic Canada, Europe",3,$70 million,September 6 – 23,2005,September
313,Philippe,"September 17 – 23, 2005",80,985,Bermuda,0,,September 17 – 23,2005,September
314,Stan,"October 1 – 5, 2005",80,977,"Costa Rica, Nicaragua, Honduras, El Salvador, Belize, Guatemala, Mexico",1668,$3.96 billion,October 1 – 5,2005,October
315,Vince,"October 8 – 11, 2005",75,988,"Madeira Islands, Southern Portugal, Southwestern Spain",0,,October 8 – 11,2005,October
316,Epsilon,"November 29 – December 10, 2005",85,981,None,0,,November 29 – December 10,2005,November
317,Ernesto,"August 24 – September 1, 2006",75,985,"Lesser Antilles, Puerto Rico, Hispaniola, Cuba, East Coast of the United States, Atlantic Canada",11,$500 million,August 24 – September 1,2006,August
318,Florence,"September 3 – 18, 2006",90,974,"Bermuda, Newfoundland, East Coast of the United States, Atlantic Canada, Iceland, Greenland",0,$200 thousand,September 3 – 18,2006,September
319,Isaac,"September 27 – October 2, 2006",85,985,Newfoundland,0,,September 27 – October 2,2006,September
320,Humberto,"September 12 – 14, 2007",90,985,"Texas, Louisiana, Mississippi, The Carolinas",1,$50 million,September 12 – 14,2007,September
321,Karen,"September 25 – 29, 2007",75,988,None,0,,September 25 – 29,2007,September
322,Lorenzo,"September 25 – 28, 2007",80,990,Central Mexico,6,$92 million,September 25 – 28,2007,September
323,Noel,"October 28 – November 7, 2007",80,980,"Leeward Islands, Puerto Rico, Hispaniola, Jamaica, Cuba, Turks and Caicos Islands, The Bahamas, Florida, Eastern United States, Eastern Canada, Greenland, Western Europe",222,$580 million,October 28 – November 7,2007,October
324,Hanna,"August 28 – September 12, 2008",85,977,"Puerto Rico, Turks and Caicos Islands, The Bahamas, Hispaniola, East Coast of the United States, Atlantic Canada",537,$160 million,August 28 – September 12,2008,August
325,Kyle,"September 25 – 30, 2008",85,984,"Puerto Rico, Hispaniola, Bermuda, New England, Atlantic Canada",8,$57.1 million,September 25 – 30,2008,September
326,Lisa,"September 20 – 26, 2010",85,982,None,0,,September 20 – 26,2010,September
327,Otto,"October 6 – 18, 2010",85,976,"Leeward Islands, Virgin Islands, Puerto Rico, Azores, Canary Islands",0,,October 6 – 18,2010,October
328,Shary,"October 28 – 31, 2010",75,989,Bermuda,0,,October 28 – 31,2010,October
329,Maria,"September 5 – September 18, 2011",80,983,"Lesser Antilles, Bermuda, Newfoundland, Europe",0,,September 5 – September 18,2011,September
330,Nate,"September 7 – 12, 2011",75,994,Mexico,5,,September 7 – 12,2011,September
331,Philippe,"September 24 – October 8, 2011",90,976,None,0,,September 24 – October 8,2011,September
332,Chris,"June 18 – 22, 2012",85,974,"Bermuda, Atlantic Canada",0,,June 18 – 22,2012,June
333,Isaac,"August 21 – September 3, 2012",80,965,"Leeward Islands, Puerto Rico, Hispaniola, Cuba, The Bahamas, Southeastern United States, Midwestern United States",41,,August 21 – September 3,2012,August
334,Leslie,"August 30 – September 12, 2012",80,968,"Leeward Islands, Bermuda, Atlantic Canada",0,,August 30 – September 12,2012,August
335,Nadine,"September 10 – October 4, 2012",90,978,"Mexico, Texas",0,,September 10 – October 4,2012,September
336,Humberto,"September 8 – 19, 2013",90,979,Cape Verde,0,,September 8 – 19,2013,September
337,Ingrid,"September 12 – 17, 2013",85,983,"Mexico, Texas",32,,September 12 – 17,2013,September
338,Bertha,"August 1 – 16, 2014",80,998,"Lesser Antilles, Puerto Rico, Hispaniola, Cuba, Turks and Caicos Islands, The Bahamas, East Coast of the United States, Western Europe",0,,August 1 – 16,2014,August
339,Cristobal,"August 23 – September 2, 2014",85,965,"Puerto Rico, Hispaniola, Turks and Caicos Islands, East Coast of the United States, Bermuda, Iceland",7,,August 23 – September 2,2014,August
340,Fay,"October 10 – 13, 2014",80,983,Bermuda,0,,October 10 – 13,2014,October
341,Fred,"August 30 – September 6, 2015",85,986,"West Africa, Cape Verde",9,,August 30 – September 6,2015,August
342,Kate,"November 8 – 11, 2015",85,980,"Martinique, Puerto Rico, Hispaniola, The Bahamas, Europe",0,,November 8 – 11,2015,November
343,Alex,"January 12 – 15, 2016",85,981,Azores,1,,January 12 – 15,2016,January
344,Earl,"August 2 – 6, 2016",85,979,"Greater Antilles, Central America, Mexico",94,,August 2 – 6,2016,August
345,Hermine,"August 28 – September 3, 2016",80,981,East Coast of the United States,5,,August 28 – September 3,2016,August
346,Franklin,"August 7 – 10, 2017",85,981,"Central America, Mexico",0,,August 7 – 10,2017,August
347,Nate,"October 4 – 8, 2017",90,981,"Central America, Mexico, eastern United States",48,,October 4 – 8,2017,October
348,Beryl,"July 4 – 15, 2018",80,991,"Lesser Antilles, Greater Antilles",0,,July 4 – 15,2018,July
349,Isaac,"September 7 – 15, 2018",75,995,Lesser Antilles,0,,September 7 – 15,2018,September
350,Leslie,"September 23 – October 13, 2018",90,968,"Azores, Iberian Peninsula",17,,September 23 – October 13,2018,September
351,Barry,"July 11 – 15, 2019",75,993,Southeastern United States (particularly Louisiana),1,,July 11 – 15,2019,July
352,Pablo,"October 25 – 28, 2019",80,977,Azores,0,,October 25 – 28,2019,October
353,Hanna,"July 23 – 26, 2020",90,973,"Cuba, Hispaniola, United States Gulf Coast (mainly Texas), Northeast Mexico",9,,July 23 – 26,2020,July
354,Isaias,"July 30 – August 4, 2020",90,986,"Lesser Antilles, Greater Antilles, The Bahamas, East Coast of the United States, Eastern Canada",18,,July 30 – August 4,2020,July
355,Marco,"August 21 – 25, 2020",75,991,"Central America, Yucatán Peninsula, Gulf Coast of the United States",1,,August 21 – 25,2020,August
356,Nana,"September 1 – 3, 2020",75,994,"Honduras, Jamaica, Belize, Guatemala",0,,September 1 – 3,2020,September
357,Gamma,"October 2 – 6, 2020",75,978,"Honduras, Yucatán Peninsula, Cayman Islands, Cuba, Florida",6,,October 2 – 6,2020,October
358,Elsa,"June 30 – July 9, 2021",85,991,"Barbados, Trinidad and Tobago, Leeward Islands, Windward Islands, Venezuela, Hispaniola, Cuba, Jamaica, Cayman Islands, South Atlantic United States, Atlantic Canada",13,,June 30 – July 9,2021,June
359,Henri,"August 16 – 23, 2021",75,986,"Bermuda, Northeastern United States",2,,August 16 – 23,2021,August
360,Nicholas,"September 12 – 17, 2021",75,988,"Mexico, Texas",4,,September 12 – 17,2021,September
